,Name,Position
0,Alaa Abdelnaby,PF
1,Zaid Abdul-Aziz,C
2,Kareem Abdul-Jabbar,C
3,Mahmoud Abdul-Rauf,PG
4,Tariq Abdul-Wahad,SG
5,Shareef Abdur-Rahim,PF
6,Tom Abernethy,SF
7,Forest Able,
8,John Abramovic,
9,Alex Acker,SG
10,Don Ackerman,PG
11,Mark Acres,C
12,Bud Acton,SF
13,Alvan Adams,C
14,Don Adams,SF
15,George Adams,SF
16,Hassan Adams,SG
17,Michael Adams,PG
18,Rafael Addison,SF
19,Rick Adelman,PG
20,Jeff Adrien,PF
21,Maurice Ager,SG
22,Mark Aguirre,SF
23,Blake Ahearn,PG
24,Danny Ainge,SG
25,Matthew Aitch,PF
26,Henry Akin,PF
27,Mark Alarie,PF
28,Gary Alcorn,C
29,Chuck Aleksinas,C
30,Cory Alexander,PG
31,Courtney Alexander,PG
32,Gary Alexander,PF
33,Joe Alexander,SF
34,Victor Alexander,C
35,Steve Alford,PG
36,Bill Allen,C
37,Bob Allen,PF
38,Jerome Allen,SG
39,Lucius Allen,PG
40,Malik Allen,PF
41,Randy Allen,SG
42,Ray Allen,SG
43,Willie Allen,PF
44,Odis Allison,SF
45,Lance Allred,C
46,Darrell Allums,PF
47,Morris Almond,SG
48,Derrick Alston,C
49,Rafer Alston,PG
50,Peter Aluma,C
51,John Amaechi,PF
52,Ashraf Amaya,PF
53,Bob Anderegg,SF
54,David Andersen,C
55,Andrew Anderson,PG
56,Antonio Anderson,SF
57,Cliff Anderson,SG
58,Dan Anderson,C
59,Dan Anderson,SG
60,Derek Anderson,SF
61,Dwight Anderson,PG
62,Eric Anderson,PF
63,Greg Anderson,PF
64,J.J. Anderson,SF
65,Jerome Anderson,SG
66,Kenny Anderson,PG
67,Kim Anderson,SF
68,Michael Anderson,PG
69,Nick Anderson,SG
70,Richard Anderson,C
71,Ron Anderson,SF
72,Shandon Anderson,SG
73,Willie Anderson,SF
74,Wally Anderzunas,SF
75,Martynas Andriuskevicius,C
76,Don Anielak,
77,Michael Ansley,SF
78,Chris Anstey,C
79,Greg Anthony,PG
80,Rafael Araujo,C
81,Stacey Arceneaux,
82,Robert Archibald,PF
83,Tiny Archibald,PG
84,Jim Ard,C
85,Gilbert Arenas,PG
86,Paul Arizin,SF
87,Joe Arlauckas,SF
88,B.J. Armstrong,PG
89,Bob Armstrong,
90,Brandon Armstrong,SG
91,Curly Armstrong,
92,Darrell Armstrong,PG
93,Hilton Armstrong,C
94,Tate Armstrong,SG
95,Jesse Arnelle,PF
96,Jay Arnette,PG
97,Bob Arnzen,SF
98,Carlos Arroyo,PG
99,John Arthurs,
100,Vincent Askew,SG
101,Keith Askins,SF
102,Don Asmonga,
103,Dick Atha,SG
104,Chucky Atkins,PG
105,Al Attles,PG
106,Chet Aubuchon,
107,Stacey Augmon,SG
108,James Augustine,PF
109,Isaac Austin,C
110,Johnny Austin,SG
111,Ken Austin,SF
112,Anthony Avent,PF
113,Bird Averitt,SG
114,William Avery,PG
115,Dennis Awtrey,C
116,Kelenna Azubuike,SG
117,Alex Abrines,SG
118,Quincy Acy,PF
119,Jordan Adams,SG
120,Steven Adams,C
121,Arron Afflalo,SG
122,Alexis Ajinca,PF
123,Josh Akognon,PG
124,Solomon Alabi,C
125,Furkan Aldemir,PF
126,Cole Aldrich,C
127,LaMarcus Aldridge,C
128,Cliff Alexander,PF
129,Lavoy Allen,PF
130,Tony Allen,SG
131,Al-Farouq Aminu,SF
132,Lou Amundson,PF
133,Chris Andersen,C
134,Alan Anderson,SF
135,James Anderson,SF
136,Justin Anderson,SF
137,Kyle Anderson,SF
138,Ryan Anderson,PF
139,Giannis Antetokounmpo,SF
140,Thanasis Antetokounmpo,SF
141,Carmelo Anthony,SF
142,Joel Anthony,PF
143,Pero Antic,C
144,Keith Appling,PG
145,Trevor Ariza,SF
146,Darrell Arthur,PF
147,Omer Asik,C
148,D.J. Augustin,PG
149,Gustavo Ayon,PF
150,Jeff Ayres,C
151,Milos Babic,PF
152,Johnny Bach,
153,Henry Bacon,SG
154,Jim Baechtold,SF
155,Dalibor Bagaric,C
156,John Bagley,PG
157,Carl Bailey,C
158,Gus Bailey,SG
159,James Bailey,PF
160,Thurl Bailey,PF
161,Toby Bailey,SG
162,Jimmie Baker,PF
163,LaMark Baker,PG
164,Maurice Baker,PG
165,Norm Baker,
166,Vin Baker,C
167,Cedric Ball,PF
168,Greg Ballard,SF
169,Herschel Baltimore,
170,Gene Banks,SF
171,Marcus Banks,PG
172,Walker Banks,
173,Ken Bannister,PF
174,Mike Bantom,PF
175,John Barber,
176,Steve Bardo,SG
177,Cliff Barker,SG
178,Tom Barker,C
179,Charles Barkley,PF
180,Erick Barkley,PG
181,Don Barksdale,PF
182,Harry Barnes,SF
183,Jim Barnes,PF
184,Marvin Barnes,PF
185,Dick Barnett,SG
186,Jim Barnett,SG
187,Nathaniel Barnett,PG
188,John Barnhill,SG
189,Norton Barnhill,SG
190,Leo Barnhorst,SF
191,John Barr,
192,Mike Barr,SG
193,Moe Barr,
194,Andre Barrett,PG
195,Ernie Barrett,SG
196,Mike Barrett,SG
197,Dana Barros,PG
198,Brent Barry,SG
199,Drew Barry,PG
200,Jon Barry,SG
201,Rick Barry,SF
202,Ed Bartels,
203,Vic Bartolome,C
204,Eddie Basden,SF
205,Jerry Baskerville,SF
206,Tim Bassett,PF
207,Maceo Baston,PF
208,Mengke Bateer,C
209,Billy Ray Bates,SG
210,Esteban Batista,PF
211,Mike Batiste,PF
212,Tony Battie,PF
213,Shane Battier,SF
214,John Battle,SG
215,Kenny Battle,SG
216,Dave Batton,C
217,Lloyd Batts,SG
218,Johnny Baum,SF
219,Frankie Baumholtz,
220,Lonny Baxter,C
221,Elgin Baylor,SF
222,Howard Bayne,PF
223,Sergei Bazarevich,PG
224,Ed Beach,
225,Al Beard,
226,Butch Beard,PG
227,Ralph Beard,
228,Charles Beasley,SG
229,Jerome Beasley,PF
230,John Beasley,C
231,Zelmo Beaty,C
232,Byron Beck,C
233,Corey Beck,PG
234,Ernie Beck,SG
235,Arthur Becker,PF
236,Moe Becker,
237,Bob Bedell,PF
238,William Bedford,C
239,Hank Beenders,
240,Ron Behagen,PF
241,Elmer Behnke,
242,Charlie Bell,SG
243,Dennis Bell,SF
244,Raja Bell,SG
245,Troy Bell,PG
246,Whitey Bell,PG
247,Walt Bellamy,C
248,Irv Bemoras,SF
249,Leon Benbow,SG
250,Jonathan Bender,SF
251,Benoit Benjamin,C
252,Corey Benjamin,PG
253,Elmer Bennett,PG
254,Mario Bennett,SF
255,Mel Bennett,PF
256,Spider Bennett,PG
257,Tony Bennett,PG
258,Winston Bennett,SF
259,David Benoit,SF
260,Kent Benson,C
261,Gene Berce,
262,Gary Bergen,
263,Larry Bergh,PF
264,Ricky Berry,SG
265,Walter Berry,SF-PF
266,Del Beshore,PG
267,Travis Best,PG
268,Wesley Bialosuknia,SG
269,Al Bianchi,PG
270,Hank Biasatti,
271,Henry Bibby,PG
272,Mike Bibby,PG
273,Ed Biedenbach,
274,Andris Biedrins,C
275,Don Bielke,
276,Bob Bigelow,SF
277,Lionel Billingy,PF
278,Chauncey Billups,PG
279,Dave Bing,PG
280,Joe Binion,PF
281,Jerry Bird,
282,Larry Bird,PF
283,Otis Birdsong,SG
284,Gale Bishop,
285,Uwe Blab,C
286,Charlie Black,
287,Norman Black,SG
288,Tom Black,C
289,Rolando Blackman,SG
290,Alex Blackwell,SF
291,Cory Blackwell,SF
292,James Blackwell,PG
293,Nate Blackwell,PG
294,Will Blalock,PG
295,George Blaney,PG
296,Lance Blanks,SG
297,Ricky Blanton,SF
298,Andray Blatche,PF
299,Mookie Blaylock,PG
300,Leon Blevins,
301,John Block,PF
302,Mike Bloom,
303,Corie Blount,PF
304,Mark Blount,C
305,Ray Blume,SG
306,Nelson Bobb,PG
307,Tony Bobbitt,SG
308,Bucky Bockhorn,SG
309,Tom Boerwinkle,C
310,Keith Bogans,SF
311,Muggsy Bogues,PG
312,Etdrick Bohannon,PF
313,Manute Bol,C
314,Bill Bolger,SF
315,Doug Bolstorff,
316,George Bon Salle,PF
317,Phil Bond,SG
318,Walter Bond,SG
319,Dexter Boney,SG
320,Ron Bonham,SF
321,Anthony Bonner,PF
322,Matt Bonner,C
323,Butch Booker,C
324,Melvin Booker,PG
325,Josh Boone,PF
326,Ron Boone,SG
327,Calvin Booth,C
328,Keith Booth,SF
329,Bob Boozer,PF
330,Carlos Boozer,PF
331,Curtis Borchardt,C
332,Jake Bornheimer,
333,Lazaro Borrell,SF
334,Ike Borsavage,
335,Vince Boryla,SF
336,Jim Bostic,PF
337,Lawrence Boston,PF
338,Tom Boswell,PF
339,Ruben Boumtje-Boumtje,C
340,Don Boven,
341,Cal Bowdler,SF
342,Bruce Bowen,SF
343,Ryan Bowen,SF
344,Tommie Bowens,PF
345,Anthony Bowie,SG
346,Sam Bowie,C
347,Orbie Bowling,C
348,Ira Bowman,SG
349,Nate Bowman,C
350,Donnie Boyce,SG
351,Dennis Boyd,PG
352,Freddie Boyd,PG
353,Ken Boyd,SF
354,Earl Boykins,PG
355,Harry Boykoff,
356,Winford Boynes,SG
357,Cedric Bozeman,SG
358,Steve Bracey,PG
359,Craig Brackins,PF
360,Gary Bradds,SF
361,Alex Bradley,SF
362,Alonzo Bradley,SF
363,Bill Bradley,SG
364,Bill Bradley,SF
365,Charles Bradley,SG
366,Dudley Bradley,SG
367,Jim Bradley,SF
368,Joe Bradley,
369,Michael Bradley,PF
370,Shawn Bradley,C
371,Mark Bradtke,C
372,Marques Bragg,PF
373,Torraye Braggs,PF
374,A.J. Bramlett,C
375,Adrian Branch,SF
376,Elton Brand,PF
377,Terrell Brandon,PG
378,Bob Brannum,PF
379,Brad Branson,PF
380,Jesse Branson,SF
381,Jim Brasco,
382,Mike Bratz,PG
383,Carl Braun,
384,Tim Breaux,SF
385,J.R. Bremer,PG
386,Pete Brennan,
387,Tom Brennan,SF
388,Randy Breuer,C
389,Jamison Brewer,SG
390,Jim Brewer,PF
391,Ron Brewer,SG
392,Primoz Brezec,C
393,Frankie Brian,
394,Frank Brickowski,C
395,Junior Bridgeman,SF
396,Bill Bridges,PF
397,Al Brightman,
398,Aud Brindley,
399,John Brisker,SF
400,Allan Bristow,SF
401,Tyrone Britt,SG
402,Wayman Britt,SG
403,Mike Brittain,C
404,Dave Britton,PG
405,Jon Brockman,PF
406,Jim Brogan,SG
407,Gary Brokaw,SG
408,Price Brookfield,
409,Clarence Brookins,
410,Kevin Brooks,SF
411,Michael Brooks,SF
412,Scott Brooks,PG
413,Andre Brown,PF
414,Bob Brown,
415,Chucky Brown,SF
416,Damone Brown,SF
417,Darrell Brown,
418,Dee Brown,PG
419,Dee Brown,PG
420,Derrick Brown,SF
421,Devin Brown,SG
422,Ernest Brown,C
423,Fred Brown,SG
424,George Brown,
425,Gerald Brown,SG
426,Harold Brown,
427,John Brown,SF
428,Kedrick Brown,SF
429,Kwame Brown,PF
430,Larry Brown,PG
431,Leon Brown,
432,Lewis Brown,C
433,Marcus Brown,PG
434,Mike Brown,C
435,Myron Brown,PG
436,P.J. Brown,C
437,Randy Brown,PG
438,Raymond Brown,PF
439,Rickey Brown,C
440,Roger Brown,SF
441,Roger Brown,C
442,Stan Brown,
443,Tierre Brown,SG
444,Tony Brown,SF
445,Jim Browne,
446,Stanley Brundy,SF
447,Brian Brunkhorst,
448,George Bruns,PG
449,Rick Brunson,PG
450,Em Bryant,PG
451,Joe Bryant,PF
452,Kobe Bryant,SG
453,Mark Bryant,PF
454,Wallace Bryant,C
455,Torgeir Bryn,C
456,George Bucci,SG
457,Joe Buckhalter,PF
458,Steve Bucknall,SG
459,Cleveland Buckner,PF
460,Greg Buckner,SG
461,Quinn Buckner,PG
462,Dave Budd,SF
463,Walt Budko,PF
464,Jud Buechler,SF
465,Rodney Buford,SG
466,Matt Bullard,PF
467,Larry Bunce,C
468,Greg Bunch,SF
469,Dick Bunt,PG
470,Bill Buntin,C
471,Bill Bunting,SF
472,Ticky Burden,SG
473,Pat Burke,C
474,Roger Burkman,SG
475,Antonio Burks,PG
476,Kevin Burleson,PG
477,Tom Burleson,C
478,Jack Burmaster,
479,David Burns,PG
480,Evers Burns,PF
481,Jim Burns,SG
482,Scott Burrell,SF
483,Art Burris,SF
484,Junior Burrough,PF
485,Bob Burrow,C
486,Ed Burton,
487,Willie Burton,SF
488,Steve Burtt,SG
489,Don Buse,PG
490,David Bustion,PF
491,Donnie Butcher,PG
492,Al Butler,PG
493,Greg Butler,C
494,Jackie Butler,C
495,Mike Butler,SG
496,Mitchell Butler,SG
497,Andrew Bynum,C
498,Walter Byrd,PF
499,Marty Byrnes,SF
500,Tommy Byrnes,
501,Michael Bytzura,
502,Chris Babb,SG
503,Luke Babbitt,SF
504,Cameron Bairstow,PF
505,Ron Baker,SG
506,Wade Baldwin,PG
507,Renaldo Balkman,SF
508,Leandro Barbosa,PG
509,J.J. Barea,PG
510,Andrea Bargnani,PF
511,Harrison Barnes,SF
512,Matt Barnes,SF
513,Earl Barron,C
514,Will Barton,SG
515,Brandon Bass,PF
516,Nicolas Batum,SF
517,Jerryd Bayless,PG
518,Aron Baynes,C
519,Kent Bazemore,SG
520,Bradley Beal,SG
521,Malik Beasley,SG
522,Michael Beasley,PF
523,Rodrigue Beaubois,PG
524,Marco Belinelli,PG
525,DeAndre' Bembry,SF
526,Dragan Bender,PF
527,Jerrelle Benimon,PF
528,Anthony Bennett,PF
529,Keith Benson,C
530,Ben Bentil,PF
531,Davis Bertans,PF
532,Patrick Beverley,PG
533,Sim Bhullar,C
534,Bismack Biyombo,C
535,Nemanja Bjelica,PF
536,Tarik Black,C
537,DeJuan Blair,PF
538,Steve Blake,PG
539,Eric Bledsoe,PG
540,Vander Blue,SG
541,Bojan Bogdanovic,SF
542,Andrew Bogut,PF
543,Joel Bolomboy,PF
544,Devin Booker,SG
545,Trevor Booker,PF
546,Chris Bosh,C
547,Avery Bradley,PG
548,Corey Brewer,SF
549,Ronnie Brewer,SG
550,Malcolm Brogdon,SG
551,Aaron Brooks,PG
552,MarShon Brooks,SG
553,Anthony Brown,SF
554,Bobby Brown,SG-PG
555,Jabari Brown,SG
556,Jaylen Brown,SF
557,Lorenzo Brown,PG
558,Markel Brown,SG
559,Shannon Brown,SG
560,Nicolas Brussino,SF
561,Chase Budinger,SF
562,Reggie Bullock,SF
563,Trey Burke,PG
564,Alec Burks,SG
565,Caron Butler,SF
566,Jimmy Butler,SG
567,Rasual Butler,SG
568,Dwight Buycks,PG
569,Derrick Byars,PF
570,Will Bynum,PG
571,Zarko Cabarkapa,PF
572,Barney Cable,PF
573,Jason Caffey,PF
574,Michael Cage,PF
575,Gerry Calabrese,SG
576,Adrian Caldwell,PF
577,Jim Caldwell,C
578,Joe Caldwell,SF
579,Bill Calhoun,SG
580,Corky Calhoun,SF
581,Demetrius Calip,PG
582,Tom Callahan,
583,Rick Calloway,SG
584,Ernie Calverley,
585,Mack Calvin,PG
586,Dexter Cambridge,SF
587,Marcus Camby,C
588,Elden Campbell,PF
589,Tony Campbell,SF
590,Larry Cannon,SG
591,Derrick Caracter,C
592,Frank Card,SF
593,Brian Cardinal,PF
594,Howie Carl,PG
595,Chet Carlisle,
596,Geno Carlisle,SG
597,Rick Carlisle,SG
598,Don Carlos,SG
599,Al Carlson,C
600,Don Carlson,
601,Bob Carney,SG
602,Rodney Carney,SF
603,Bob Carpenter,
604,Antoine Carr,PF
605,Austin Carr,SG
606,Chris Carr,SG
607,Cory Carr,SG
608,Kenny Carr,PF
609,M.L. Carr,SF
610,Darel Carrier,SG
611,Bob Carrington,SG
612,Joe Barry Carroll,C
613,Matt Carroll,SG
614,Jimmy Carruth,PF
615,Anthony Carter,PG
616,Butch Carter,SF
617,Fred Carter,SG
618,George Carter,SF
619,Howard Carter,SG
620,Jake Carter,
621,Maurice Carter,SG
622,Reggie Carter,SG
623,Ron Carter,SG
624,Bill Cartwright,C
625,Jay Carty,PF
626,Cornelius Cash,PF
627,Sam Cash,PF
628,Sam Cassell,PG
629,Harvey Catchings,C
630,Terry Catledge,PF
631,Sid Catlett,SF
632,Kelvin Cato,C
633,Bobby Cattage,PF
634,Duane Causwell,C
635,Ron Cavenall,C
636,Cedric Ceballos,SF
637,John Celestand,PG
638,Al Cervi,PG
639,Lionel Chalmers,PG
640,Bill Chamberlain,SF
641,Wilt Chamberlain,C
642,Jerry Chambers,SF
643,Tom Chambers,PF
644,Mike Champion,SF
645,Don Chaney,SG
646,John Chaney,
647,Rex Chapman,SG
648,Wayne Chapman,SF
649,Len Chappell,PF
650,Ken Charles,SG
651,Lorenzo Charles,SF
652,Calbert Cheaney,SG
653,Maurice Cheeks,PG
654,Phil Chenier,SG
655,Derrick Chievous,SF
656,Pete Chilcutt,PF
657,Randolph Childress,PG
658,Chris Childs,PG
659,Leroy Chollet,
660,Jim Chones,PF
661,Fred Christ,
662,Cal Christensen,SF
663,Bob Christian,C
664,Doug Christie,SG
665,Stephen Chubin,SG
666,Robert Churchwell,SG
667,Archie Clark,SG
668,Carlos Clark,SG
669,Keon Clark,C
670,Richard Clark,PG
671,John Clawson,SF
672,Charles Claxton,C
673,Speedy Claxton,PG
674,Jim Cleamons,PG
675,Mateen Cleaves,PG
676,Barry Clemens,SF
677,Nat Clifton,PF
678,Bill Closs,SF
679,Keith Closs,C
680,Paul Cloyd,
681,Bob Cluggish,
682,Ben Clyde,SF
683,Richard Coffey,SF
684,Fred Cofield,PG
685,John Coker,C
686,Ben Coleman,C
687,Derrick Coleman,PF
688,E.C. Coleman,PF
689,Jack Coleman,PF
690,Norris Coleman,SF
691,Bimbo Coles,PG
692,Jason Collier,C
693,Art Collins,SG
694,Don Collins,SF
695,Doug Collins,SG
696,James Collins,SG
697,Jarron Collins,C
698,Jason Collins,C
699,Jimmy Collins,SG
700,Mardy Collins,SF
701,Sherron Collins,PG
702,Joe Colone,
703,Sean Colson,PG
704,Steve Colter,PG
705,Glen Combs,PG
706,Leroy Combs,SF
707,John Comeaux,
708,Dallas Comegys,PF
709,Larry Comley,
710,Jeffrey Congdon,PG
711,Gene Conley,PF
712,Larry Conley,SG
713,Ed Conlin,SF
714,Marty Conlon,C
715,Jimmy Conner,SG
716,Lester Conner,PG
717,Chuck Connors,
718,Will Conroy,PG-SG
719,Anthony Cook,PF
720,Bert Cook,SG
721,Bobby Cook,
722,Brian Cook,C
723,Daequan Cook,SG
724,Darwin Cook,SG
725,Jeff Cook,PF
726,Norm Cook,SF
727,Omar Cook,PG
728,David Cooke,PF
729,Joe Cooke,SG
730,Chuck Cooper,
731,Duane Cooper,PG
732,Joe Cooper,C
733,Michael Cooper,SG
734,Wayne Cooper,C
735,Tom Copa,C
736,Hollis Copeland,SF
737,Lanard Copeland,SG
738,Tyrone Corbin,SF
739,Chris Corchiani,PG
740,Ken Corley,
741,Ray Corley,
742,Dave Corzine,C
743,Larry Costello,PG
744,Jack Cotton,
745,James Cotton,SG
746,John Coughran,SF
747,Mel Counts,C
748,Steve Courtin,SG
749,Joe Courtney,PF
750,Bob Cousy,PG
751,Dave Cowens,C
752,Chubby Cox,SG
753,Johnny Cox,SG
754,Wesley Cox,SF
755,Chris Crawford,PF
756,Freddie Crawford,SG
757,Joe Crawford,SF
758,Jim Creighton,SF
759,Ron Crevier,C
760,Hal Crisler,
761,Joe Crispin,PG
762,Charlie Criss,PG
763,Russell Critchfield,PG
764,Winston Crite,SF
765,Javaris Crittenton,SG
766,Dillard Crocker,PF
767,Bobby Croft,C
768,Geoff Crompton,C
769,Terry Crosby,PG
770,Austin Croshere,PF
771,Jeff Cross,PF
772,Pete Cross,C
773,Russell Cross,C
774,Chink Crossin,
775,John Crotty,PG
776,Bill Crow,
777,Mark Crow,SF
778,Corey Crowder,SF
779,Al Cueto,C
780,Pat Cummings,C
781,Terry Cummings,PF
782,Vonteego Cummings,PG
783,Billy Cunningham,SF
784,Dick Cunningham,C
785,William Cunningham,C
786,Radisav Curcic,C
787,Armand Cure,
788,Earl Cureton,C
789,Bill Curley,PF
790,Fran Curran,
791,Dell Curry,SG
792,Eddy Curry,C
793,JamesOn Curry,PG
794,Michael Curry,SG
795,Rastko Cvetkovic,C
796,Bruno Caboclo,SF
797,Nick Calathes,SG
798,Jose Calderon,SG
799,Kentavious Caldwell-Pope,SG
800,Isaiah Canaan,PG
801,Clint Capela,C
802,DeMarre Carroll,SF
803,Vince Carter,SF
804,Michael Carter-Williams,PG
805,Omri Casspi,SF
806,Willie Cauley-Stein,C
807,Mario Chalmers,PG
808,Tyson Chandler,C
809,Wilson Chandler,SF
810,Will Cherry,PG
811,Josh Childress,SG
812,Marquese Chriss,PF
813,Dionte Christmas,SF
814,Rakeem Christmas,PF
815,Semaj Christon,PG
816,Patrick Christopher,SG
817,Earl Clark,PF
818,Ian Clark,SG
819,Coty Clarke,SF
820,Jordan Clarkson,PG
821,Victor Claver,SF
822,Norris Cole,PG
823,Darren Collison,PG
824,Nick Collison,C
825,Mike Conley,PG
826,Pat Connaughton,SG
827,Quinn Cook,PG
828,Jack Cooley,PF
829,Chris Copeland,PF
830,Bryce Cotton,PG
831,Marcus Cousin,C
832,DeMarcus Cousins,C
833,Robert Covington,SF
834,Allen Crabbe,SG
835,Jamal Crawford,PG
836,Jordan Crawford,SG
837,Jae Crowder,SF
838,Dante Cunningham,PF
839,Jared Cunningham,SG
840,Seth Curry,PG
841,Stephen Curry,PG
842,Mike D'Antoni,SG
843,Mike Dabich,
844,Ed Dahler,
845,Quintin Dailey,SG
846,Howie Dallmar,
847,Erick Dampier,C
848,Louie Dampier,PG
849,Bob Dandridge,SF
850,Antonio Daniels,SG
851,Erik Daniels,SF
852,Lloyd Daniels,SG
853,Marquis Daniels,SG
854,Mel Daniels,C
855,Sasha Danilovic,SG
856,Adrian Dantley,SF
857,Pete Darcey,C
858,Jimmy Darden,
859,Ollie Darden,PF
860,Yinka Dare,C
861,Jesse Dark,SG
862,Rick Darnell,C
863,Jimmy Darrow,
864,Brad Daugherty,C
865,Mack Daughtry,
866,Kornel David,SF
867,Jermareo Davidson,SF
868,Bob Davies,PG
869,Antonio Davis,PF
870,Aubrey Davis,
871,Baron Davis,PG
872,Ben Davis,PF
873,Bill Davis,
874,Bob Davis,SF
875,Brad Davis,PG
876,Brian Davis,SF
877,Charles Davis,SF
878,Charlie Davis,SG
879,Dale Davis,PF
880,Dwight Davis,PF
881,Emanual Davis,PG
882,Harry Davis,SF
883,Hubert Davis,SG
884,Jim Davis,C
885,Johnny Davis,SG
886,Josh Davis,PF
887,Lee Davis,PF
888,Mark Davis,SF
889,Mark Davis,SF
890,Mel Davis,PF
891,Mickey Davis,SF
892,Mike Davis,SG
893,Mike Davis,PF
894,Monti Davis,PF
895,Paul Davis,C
896,Ralph Davis,SG
897,Red Davis,
898,Ricky Davis,SG
899,Ron Davis,SF
900,Terry Davis,PF
901,Walt Davis,PF
902,Walter Davis,SF
903,Warren Davis,PF
904,Willie Davis,
905,Darryl Dawkins,C
906,Johnny Dawkins,PG
907,Paul Dawkins,SF
908,Jimmy Dawson,PG
909,Tony Dawson,SF
910,Todd Day,SG
911,Darren Daye,SF
912,Greg Deane,SG
913,Billy DeAngelis,
914,Dave DeBusschere,SF
915,Andrew DeClercq,C
916,Don Dee,PF
917,Archie Dees,PF
918,Terry Dehere,PG
919,Red Dehnert,
920,Vinny Del Negro,SG
921,Bison Dele,PF
922,Carlos Delfino,SG
923,Tony Delk,PG
924,Nate DeLong,
925,Fennis Dembo,SF
926,Larry Demic,PF
927,Dell Demps,PG
928,George Dempsey,SG
929,Kenny Dennard,PF
930,Blaine Denning,
931,Justin Dentmon,PG
932,Randy Denton,C
933,Joe DePre,SG
934,Rod Derline,SG
935,Dave Deutsch,
936,Corky Devlin,SG
937,Hank DeZonie,
938,Derrick Dial,SG
939,Guillermo Diaz,SG
940,Dan Dickau,PG
941,Kaniel Dickens,PF
942,Henry Dickerson,SG
943,Michael Dickerson,SG
944,Clyde Dickey,SG
945,Derrek Dickey,PF
946,Dick Dickey,PG
947,John Dickson,
948,Travis Diener,PG
949,Connie Dierking,C
950,Coby Dietrick,C
951,Ernie DiGregorio,PG
952,Craig Dill,C
953,Dwaine Dillard,
954,Mickey Dillard,PG
955,Bob Dille,
956,Hook Dillon,
957,Byron Dinkins,PG
958,Jackie Dinkins,SF
959,Harry Dinnel,
960,Bill Dinwiddie,SF
961,DeSagana Diop,C
962,Terry Dischinger,SF
963,Fred Diute,SG
964,Vlade Divac,C
965,Juan Dixon,PG
966,Aleksandar Djordjevic,SG
967,Earl Dodd,
968,Michael Doleac,C
969,Joe Dolhon,
970,Bob Doll,
971,James Donaldson,C
972,Bob Donham,SG
973,Billy Donovan,PG
974,Harry Donovan,
975,Keyon Dooling,PG
976,Jacky Dorsey,SF
977,Ron Dorsey,
978,Quincy Douby,PG
979,Bruce Douglas,SG
980,John Douglas,SG
981,Leon Douglas,C
982,Sherman Douglas,PG
983,Sonny Dove,PF
984,Jerry Dover,PG
985,Zabian Dowdell,PG
986,Bill Downey,
987,Steve Downing,C
988,Danny Doyle,PF
989,Terry Dozier,SF
990,Greg Dreiling,C
991,Bryce Drew,PG
992,John Drew,PF
993,Larry Drew,PG
994,Clyde Drexler,SG
995,Nate Driggers,SG
996,Terry Driscoll,PF
997,Predrag Drobnjak,C
998,Ralph Drollinger,C
999,Dick Duckett,PG
1000,Kevin Duckworth,C
1001,Charles Dudley,PG
1002,Chris Dudley,C
1003,Terry Duerod,SG
1004,Bob Duffy,
1005,Bob Duffy,PG
1006,Chris Duhon,PG
1007,Walter Dukes,C
1008,Joe Dumars,SG
1009,Rich Dumas,
1010,Richard Dumas,SF
1011,Tony Dumas,SG
1012,Andy Duncan,
1013,Tim Duncan,PF
1014,Mike Dunleavy,PG
1015,Pat Dunn,SG
1016,T.R. Dunn,SG
1017,Ronald Dupree,SF
1018,John Duren,PG
1019,Jarrett Durham,
1020,Pat Durham,SF
1021,Devin Durrant,SF
1022,Ken Durrett,SF
1023,Dennis DuVal,PG
1024,Jack Dwan,
1025,Craig Dykema,SF
1026,Gene Dyker,
1027,Jerome Dyson,PG
1028,Samuel Dalembert,C
1029,Troy Daniels,SG
1030,Gigi Datome,SF
1031,Brandon Davies,PF
1032,Anthony Davis,PF
1033,Deyonta Davis,C
1034,Ed Davis,PF
1035,Glen Davis,C
1036,Andre Dawkins,SG
1037,Branden Dawson,PF
1038,Eric Dawson,C
1039,Austin Daye,SF
1040,Nando De Colo,SG
1041,Dewayne Dedmon,C
1042,Bryce Dejean-Jones,SG
1043,Sam Dekker,SF
1044,Malcolm Delaney,PG
1045,Matthew Dellavedova,SG
1046,Luol Deng,SF
1047,DeMar DeRozan,SG
1048,Cheick Diallo,PF
1049,Boris Diaw,SG
1050,Yakhouba Diawara,SG
1051,Gorgui Dieng,C
1052,Spencer Dinwiddie,PG
1053,Ike Diogu,PF
1054,Joey Dorsey,PF
1055,Toney Douglas,PG
1056,Chris Douglas-Roberts,SG
1057,Goran Dragic,PG
1058,Zoran Dragic,SG
1059,Larry Drew II,PG
1060,Andre Drummond,C
1061,Jared Dudley,PF
1062,Duje Dukan,SF
1063,Mike Dunleavy,SF
1064,Kris Dunn,PG
1065,Kevin Durant,SG
1066,Ledell Eackles,SG
1067,Jim Eakins,C
1068,Acie Earl,C
1069,Ed Earle,PF
1070,Penny Early,
1071,Mark Eaton,C
1072,Jerry Eaves,PG
1073,Bill Ebben,
1074,Al Eberhard,SF
1075,Ndudi Ebi,SF
1076,Roy Ebron,C
1077,Patrick Eddie,C
1078,Dike Eddleman,SF
1079,Kenton Edelin,SF
1080,Charles Edge,SF
1081,Bobby Edmonds,SF
1082,Keith Edmonson,SG
1083,Tyus Edney,PG
1084,Bill Edwards,PF
1085,Blue Edwards,SF
1086,Corsley Edwards,C
1087,Doug Edwards,PF
1088,Franklin Edwards,PG
1089,James Edwards,C
1090,Jay Edwards,SG
1091,John Edwards,C
1092,Kevin Edwards,SG
1093,Johnny Egan,PG
1094,Lonnie Eggleston,
1095,Bulbs Ehlers,
1096,Craig Ehlo,SG
1097,Rich Eichhorst,
1098,Howard Eisley,PG
1099,Obinna Ekezie,PF
1100,Khalid El-Amin,PG
1101,Don Eliason,
1102,Mario Elie,SF-SG
1103,Ray Ellefson,
1104,Bob Elliott,PF
1105,Sean Elliott,SF
1106,Bo Ellis,PF
1107,Boo Ellis,PF
1108,Dale Ellis,SF
1109,Harold Ellis,SF
1110,Joe Ellis,SF
1111,LaPhonso Ellis,PF
1112,LeRon Ellis,C
1113,Leroy Ellis,C
1114,Pervis Ellison,C
1115,Len Elmore,C
1116,Francisco Elson,C
1117,Darrell Elston,SG
1118,Wayne Embry,C
1119,Andre Emmett,SG
1120,Ned Endress,
1121,Chris Engler,C
1122,Wayne Englestad,PF
1123,A.J. English,SG
1124,Alex English,SF
1125,Claude English,
1126,Jo Jo English,SG
1127,Scott English,SF
1128,Gene Englund,
1129,Ray Epps,SF
1130,Semih Erden,C
1131,Bo Erias,SF
1132,Keith Erickson,SF
1133,Julius Erving,SF
1134,Evan Eschmeyer,C
1135,Jack Eskridge,
1136,Vincenzo Esposito,PG
1137,Billy Evans,PG
1138,Bob Evans,
1139,Brian Evans,SF
1140,Earl Evans,PF
1141,Maurice Evans,SG
1142,Mike Evans,SG
1143,Reggie Evans,PF
1144,Daniel Ewing,SG
1145,Patrick Ewing,C
1146,Patrick Ewing,SF
1147,Christian Eyenga,SF
1148,Johnny Ezersky,
1149,Cleanthony Early,SF
1150,Devin Ebanks,SG
1151,Jarell Eddie,SF
1152,Shane Edwards,SF
1153,Henry Ellenson,PF
1154,Wayne Ellington,SG
1155,Monta Ellis,SG
1156,Melvin Ely,C
1157,Joel Embiid,C
1158,Kim English,SG
1159,James Ennis,SF
1160,Tyler Ennis,PG
1161,Jeremy Evans,SF
1162,Tyreke Evans,SG
1163,Dante Exum,PG
1164,Festus Ezeli,C
1165,Joe Fabel,
1166,John Fairchild,SF
1167,Phil Farbman,
1168,Dick Farley,SG
1169,Desmon Farmer,SG
1170,Jim Farmer,SG
1171,Mike Farmer,SF
1172,Tony Farmer,C
1173,Bob Faught,
1174,Nick Fazekas,PF
1175,Dave Fedor,
1176,Bob Feerick,
1177,Butch Feher,SG
1178,Jamie Feick,PF-C
1179,Ron Feiereisel,
1180,George Feigenbaum,
1181,Dave Feitl,C
1182,Noel Felix,SF
1183,Ray Felix,C
1184,Jake Fendley,SG
1185,Warren Fenley,
1186,Desmond Ferguson,SF
1187,Rudy Fernandez,SG
1188,Eric Fernsten,C
1189,Al Ferrari,SF
1190,Rolando Ferreira,C
1191,Duane Ferrell,SF
1192,Arnie Ferrin,
1193,Bob Ferry,C
1194,Danny Ferry,PF
1195,Bobby Fields,
1196,Kenny Fields,SF
1197,Landry Fields,SG
1198,Ron Filipek,
1199,Greg Fillmore,C
1200,Larry Finch,SG
1201,Hank Finkel,C
1202,Michael Finley,SF
1203,Danny Finn,SG
1204,Matt Fish,C
1205,Derek Fisher,PG
1206,Richard Fisher,PF
1207,Gerald Fitch,PG
1208,Bob Fitzgerald,
1209,Dick Fitzgerald,
1210,Marcus Fizer,PF
1211,Jerry Fleishman,SG
1212,Al Fleming,SF
1213,Ed Fleming,SG
1214,Vern Fleming,PG
1215,Luis Flores,PG
1216,Bruce Flowers,PF
1217,Sleepy Floyd,PG
1218,Jonny Flynn,PG
1219,Mike Flynn,SG
1220,Larry Fogle,SG
1221,Jack Foley,
1222,Isaac Fontaine,SG
1223,Levi Fontaine,SG
1224,Jeff Foote,C
1225,Alphonso Ford,PG
1226,Alton Ford,PF
1227,Bob Ford,SF
1228,Chris Ford,SG
1229,Don Ford,SF
1230,Jake Ford,
1231,Phil Ford,PG
1232,Sharrod Ford,PF
1233,Sherell Ford,SF
1234,T.J. Ford,PG
1235,Donnie Forman,
1236,Bayard Forrest,C
1237,Joseph Forte,SG
1238,Courtney Fortson,PG
1239,Danny Fortson,PF
1240,Fred Foster,SF
1241,Greg Foster,PF
1242,Jeff Foster,C
1243,Jimmy Foster,PG
1244,Rod Foster,PG
1245,Antonis Fotsis,PF
1246,Larry Foust,C
1247,Calvin Fowler,SG
1248,Jerry Fowler,
1249,Tremaine Fowlkes,SF
1250,Harold Fox,PG
1251,Jim Fox,C
1252,Rick Fox,SF
1253,Adonal Foyle,C
1254,Richie Frahm,SF
1255,Steve Francis,PG
1256,Tellis Frank,PF
1257,Nat Frankel,
1258,William Franklin,PF
1259,Ronald Franz,SF
1260,Walt Frazier,PG
1261,Will Frazier,PF
1262,Anthony Frederick,SF
1263,World B. Free,SG
1264,Donnie Freeman,SG
1265,Gary Freeman,SF
1266,Rod Freeman,SF
1267,Matt Freije,PF
1268,Frido Frey,
1269,Larry Friend,SG
1270,Pat Frink,SG
1271,Jim Fritsche,PF
1272,Bernie Fryer,SG
1273,Frank Fucarino,
1274,Herm Fuetsch,
1275,Joe Fulks,PF
1276,Carl Fuller,C
1277,Hiram Fuller,PF
1278,Todd Fuller,C
1279,Tony Fuller,SG
1280,Lawrence Funderburke,PF
1281,Terry Furlow,SG
1282,Kenneth Faried,PF
1283,Jordan Farmar,PG
1284,Vitor Faverani,C
1285,Derrick Favors,PF
1286,Kay Felder,PG
1287,Cristiano Felicio,C
1288,Carrick Felix,SG
1289,Raymond Felton,PG
1290,Yogi Ferrell,PG
1291,Kyrylo Fesenko,C
1292,Dorian Finney-Smith,PF
1293,Bryn Forbes,SG
1294,Gary Forbes,SF
1295,Evan Fournier,SG
1296,Randy Foye,PG
1297,Jamaal Franklin,SG
1298,Tim Frazier,PG
1299,Jimmer Fredette,PG
1300,Joel Freeland,PF
1301,Channing Frye,C
1302,Bill Gabor,SG
1303,Dan Gadzuric,C
1304,Deng Gai,C
1305,Elmer Gainer,
1306,Bill Gaines,
1307,Corey Gaines,SG
1308,David Gaines,SG
1309,Reece Gaines,PG
1310,Sundiata Gaines,PG
1311,Mike Gale,SG
1312,Chad Gallagher,C
1313,Harry Gallatin,
1314,Dave Gambee,SF
1315,Kevin Gamble,SF
1316,Bob Gantt,
1317,Jorge Garbajosa,PF
1318,Ruben Garces,PF
1319,Alex Garcia,SG
1320,Francisco Garcia,SF
1321,Chuck Gardner,PF
1322,Earl Gardner,
1323,Kenneth Gardner,SF
1324,Thomas Gardner,SG
1325,Vern Gardner,SG
1326,Jack Garfinkel,
1327,Gary Garland,PG
1328,Winston Garland,PG
1329,Dick Garmaker,SG
1330,Bill Garner,C
1331,Chris Garner,PG
1332,Bill Garnett,C
1333,Kevin Garnett,SF
1334,Marlon Garnett,PG
1335,Calvin Garrett,SF
1336,Dean Garrett,C
1337,Dick Garrett,SG
1338,Rowland Garrett,SF
1339,Tom Garrick,SG
1340,John Garris,PF
1341,Kiwane Garris,SG
1342,Pat Garrity,PF
1343,Jim Garvin,PF
1344,Frank Gates,
1345,Chris Gatling,PF
1346,Kenny Gattison,PF
1347,Ed Gayda,
1348,Andrew Gaze,SG
1349,Reggie Geary,PG
1350,Matt Geiger,C
1351,Devean George,SF
1352,Jack George,PG
1353,Tate George,PG
1354,Gus Gerard,SF
1355,Derrick Gervin,PF
1356,George Gervin,SG
1357,Gorham Getchell,
1358,John Gianelli,C
1359,Dick Gibbs,SF
1360,Daniel Gibson,PG
1361,Dee Gibson,
1362,Hoot Gibson,
1363,Mel Gibson,
1364,Mike Gibson,PF
1365,J.R. Giddens,SF
1366,Trey Gilder,SF
1367,Eddie Gill,PG
1368,Kendall Gill,SG
1369,Ben Gillery,C
1370,Jack Gillespie,
1371,Gene Gillette,
1372,Armen Gilliam,PF
1373,Herm Gilliam,SG
1374,Artis Gilmore,C
1375,Walt Gilmore,PF
1376,Chuck Gilmur,
1377,Gordan Giricek,SG-SF
1378,Jack Givens,SF
1379,George Glamack,
1380,Gerald Glass,SF
1381,Mike Glenn,SG
1382,Normie Glick,
1383,Georgi Glouchkov,PF
1384,Clarence Glover,PF
1385,Dion Glover,SG
1386,Andreas Glyniadakis,C
1387,Mike Gminski,C
1388,Dan Godfread,C
1389,Tom Gola,SG
1390,Ben Goldfaden,
1391,Anthony Goldwire,PG
1392,Glen Gondrezick,SF
1393,Grant Gondrezick,SG
1394,Gail Goodrich,SG
1395,Steve Goodrich,PF
1396,Pop Goodwin,
1397,Ben Gordon,SG
1398,Lancaster Gordon,SG
1399,Paul Gordon,
1400,Leo Gottlieb,
1401,Gerald Govan,C
1402,Bato Govedarica,PG
1403,Joe Graboski,
1404,Ricky Grace,PG
1405,Calvin Graham,
1406,Greg Graham,SG
1407,Joey Graham,SF
1408,Mal Graham,PG
1409,Orlando Graham,PF
1410,Paul Graham,SG
1411,Stephen Graham,SG
1412,Jim Grandholm,PF
1413,Ron Grandison,PF
1414,Danny Granger,SF
1415,Stewart Granger,PG
1416,Brian Grant,PF
1417,Bud Grant,
1418,Gary Grant,PG
1419,Greg Grant,PG
1420,Harvey Grant,PF
1421,Horace Grant,PF
1422,Josh Grant,PF
1423,Paul Grant,C
1424,Travis Grant,SF
1425,Don Grate,
1426,Butch Graves,SG
1427,Aaron Gray,C
1428,Devin Gray,PF
1429,Ed Gray,SG
1430,Evric Gray,SF
1431,Gary Gray,SG
1432,Leonard Gray,PF
1433,Stuart Gray,C
1434,Sylvester Gray,SF
1435,Wyndol Gray,
1436,Jeff Grayer,SG
1437,Bob Greacen,SF
1438,A.C. Green,PF
1439,Devin Green,SG
1440,Johnny Green,PF
1441,Ken Green,PF
1442,Kenny Green,SF
1443,Lamar Green,PF
1444,Litterial Green,PG
1445,Luther Green,PF
1446,Mike Green,C
1447,Rickey Green,PG
1448,Sean Green,SG
1449,Si Green,SG
1450,Sidney Green,PF
1451,Steve Green,SF
1452,Taurean Green,SG-PG
1453,Tommie Green,PG
1454,Willie Green,SG
1455,Orien Greene,PG
1456,Jerry Greenspan,SG
1457,Dave Greenwood,PF
1458,Hal Greer,SG
1459,Lynn Greer,SG
1460,Gary Gregor,PF
1461,Claude Gregory,PF
1462,John Greig,SF
1463,Norm Grekin,
1464,Kevin Grevey,SF
1465,Dennis Grey,C
1466,Adrian Griffin,SG
1467,Eddie Griffin,PF
1468,Greg Griffin,SF
1469,Paul Griffin,PF
1470,Taylor Griffin,SF
1471,Darrell Griffith,SG
1472,Chuck Grigsby,
1473,Derek Grimm,SF
1474,Woody Grimshaw,
1475,Dick Groat,PG
1476,Bob Gross,SF
1477,Mike Grosso,C
1478,Jerry Grote,
1479,Alex Groza,
1480,Dick Grubar,
1481,Anthony Grundy,SG
1482,Ernie Grunfeld,SG
1483,Gene Guarilia,SF
1484,Petur Gudmundsson,C
1485,Richie Guerin,SG
1486,Tom Gugliotta,PF
1487,Andres Guibert,C
1488,Jay Guidinger,C
1489,Coulby Gunther,
1490,Dave Gunther,
1491,Al Guokas,
1492,Matt Guokas,
1493,Matt Guokas,SG
1494,A.J. Guyton,PG
1495,Danilo Gallinari,SG
1496,Langston Galloway,PG
1497,Patricio Garino,SG
1498,Diante Garrett,PG
1499,Marc Gasol,C
1500,Pau Gasol,C
1501,Rudy Gay,SF
1502,Michael Gbinije,SG
1503,Alonzo Gee,SG
1504,Mickael Gelabale,SF
1505,Paul George,SG
1506,Marcus Georges-Hunt,SG
1507,Jonathan Gibson,PG
1508,Taj Gibson,PF
1509,Manu Ginobili,SG
1510,Mickell Gladness,PF
1511,Rudy Gobert,C
1512,Ryan Gomes,PF
1513,Drew Gooden,SF-PF
1514,Archie Goodwin,SG
1515,Aaron Gordon,PF
1516,Drew Gordon,PF
1517,Eric Gordon,SG
1518,Marcin Gortat,C
1519,Andrew Goudelock,SG
1520,Treveon Graham,SG
1521,Jerami Grant,SF
1522,Jerian Grant,PG
1523,Danny Green,SG
1524,Draymond Green,SF
1525,Erick Green,PG
1526,Gerald Green,SG
1527,JaMychal Green,PF
1528,Jeff Green,SF
1529,Donte Greene,SF
1530,Blake Griffin,PF
1531,Jorge Gutierrez,PG
1532,Rudy Hackett,PF
1533,Hamed Haddadi,C
1534,Jim Hadnot,C
1535,Scott Haffner,PG
1536,Cliff Hagan,SF
1537,Glenn Hagan,PG
1538,Tom Hagan,PG
1539,Robert Hahn,
1540,Al Hairston,SG
1541,Happy Hairston,PF
1542,Lindsay Hairston,SF
1543,Malik Hairston,SG
1544,Marcus Haislip,PF
1545,Chick Halbert,
1546,Swede Halbrook,C
1547,Bruce Hale,
1548,Hal Hale,PG
1549,Jack Haley,PF
1550,Shaler Halimon,SF
1551,Mike Hall,SF
1552,Jeff Halliburton,SG
1553,Darvin Ham,SF
1554,Steve Hamer,C
1555,Dale Hamilton,
1556,Dennis Hamilton,PF
1557,Joe Hamilton,PG
1558,Ralph Hamilton,
1559,Richard Hamilton,SG
1560,Roy Hamilton,PG
1561,Steve Hamilton,SF
1562,Tang Hamilton,SF
1563,Thomas Hamilton,C
1564,Zendon Hamilton,C
1565,Geert Hammink,C
1566,Julian Hammond,SF
1567,Tom Hammonds,PF
1568,Joe Hamood,SG
1569,Darrin Hancock,SF
1570,Ben Handlogten,C
1571,Cecil Hankins,
1572,Phil Hankinson,SF
1573,Alex Hannum,PF
1574,Don Hanrahan,
1575,Rollen Hans,SG
1576,Bob Hansen,SG
1577,Glenn Hansen,SG
1578,Lars Hansen,C
1579,Travis Hansen,SF
1580,Reggie Hanson,SF
1581,Bill Hanzlik,SF
1582,Luke Harangody,PF
1583,Anfernee Hardaway,PG
1584,Tim Hardaway,PG
1585,Reggie Harding,C
1586,Charlie Hardnett,PF
1587,Alan Hardy,SG
1588,Darrell Hardy,
1589,James Hardy,SF
1590,Ira Harge,C
1591,John Hargis,
1592,Jerry Harkness,PG
1593,Skip Harlicka,PG
1594,Jerome Harmon,SG
1595,Derek Harper,PG
1596,Mike Harper,PF
1597,Ron Harper,SG
1598,Matt Harpring,SF
1599,Adam Harrington,SG
1600,Al Harrington,PF
1601,Junior Harrington,PG
1602,Othella Harrington,PF
1603,Art Harris,SG
1604,Bernie Harris,PF
1605,Billy Harris,SG
1606,Bob Harris,
1607,Chris Harris,SG
1608,Lucious Harris,SG
1609,Steve Harris,SG
1610,Tony Harris,SG
1611,Bob Harrison,
1612,David Harrison,C
1613,Jason Hart,PG
1614,Antonio Harvey,PF
1615,Donnell Harvey,PF
1616,Scott Haskin,C
1617,Clem Haskins,PG
1618,Trenton Hassell,SG
1619,Billy Hassett,
1620,Joe Hassett,SG
1621,Scott Hastings,C-PF
1622,Kirk Haston,PF
1623,Vern Hatton,PG
1624,John Havlicek,SF
1625,Steve Hawes,C
1626,Connie Hawkins,PF
1627,Hersey Hawkins,SG
1628,Juaquin Hawkins,SG
1629,Marshall Hawkins,
1630,Michael Hawkins,PG
1631,Robert Hawkins,SG
1632,Tom Hawkins,SF
1633,Nate Hawthorne,SG
1634,Elvin Hayes,C
1635,Jarvis Hayes,SF
1636,Jim Hayes,SG
1637,Steve Hayes,C
1638,Lazar Hayward,SF
1639,Brendan Haywood,C
1640,Spencer Haywood,PF
1641,John Hazen,
1642,Walt Hazzard,SG
1643,Luther Head,SG
1644,Shane Heal,PG
1645,Brian Heaney,
1646,Gar Heard,PF
1647,Herm Hedderick,
1648,Alvin Heggs,SF
1649,Tom Heinsohn,PF
1650,Dick Hemric,PF
1651,Alan Henderson,PF
1652,Cedric Henderson,PF
1653,Cedric Henderson,SF
1654,Dave Henderson,SG
1655,Gerald Henderson,PG
1656,J.R. Henderson,SF
1657,Jerome Henderson,C
1658,Kevin Henderson,PG
1659,Tom Henderson,PG
1660,Mark Hendrickson,PF
1661,Larry Hennessy,SG
1662,Don Henriksen,C
1663,Al Henry,C
1664,Bill Henry,
1665,Carl Henry,SG
1666,Conner Henry,SG
1667,Skeeter Henry,SG
1668,Steve Henson,PG
1669,Charles Hentz,PF
1670,Bill Herman,
1671,Kleggie Hermsen,
1672,Chris Herren,PG
1673,Carl Herrera,PF
1674,Walter Herrmann,PF
1675,Keith Herron,SG
1676,Sonny Hertzberg,
1677,Dan Hester,C
1678,Fred Hetzel,SF
1679,Bill Hewitt,PF
1680,Jack Hewson,
1681,Art Heyman,SG
1682,Nat Hickey,
1683,Phil Hicks,SF
1684,Bill Higgins,SG
1685,Cory Higgins,PG
1686,Earle Higgins,PF
1687,Mike Higgins,SF
1688,Rod Higgins,SF
1689,Sean Higgins,SF
1690,Kenny Higgs,PG
1691,Johnny High,PG
1692,Wayne Hightower,PF
1693,Armond Hill,PG
1694,Cleo Hill,SG
1695,Gary Hill,SG
1696,Grant Hill,SF
1697,Simmie Hill,SF
1698,Steven Hill,PF
1699,Tyrone Hill,PF
1700,Art Hillhouse,
1701,Darnell Hillman,PF
1702,Fred Hilton,SG
1703,Roy Hinson,SF
1704,Mel Hirsch,
1705,Lew Hitch,PF
1706,Robert Hite,SG
1707,Darington Hobson,SG
1708,Donald Hodge,PF
1709,Julius Hodge,SG
1710,Craig Hodges,SG
1711,Charlie Hoefer,
1712,Paul Hoffman,
1713,Bob Hogsett,PF
1714,Paul Hogue,C
1715,Fred Hoiberg,SG
1716,Doug Holcomb,
1717,Randy Holcomb,SF
1718,Brad Holland,SG
1719,Joe Holland,SF
1720,Wilbur Holland,SG
1721,Lionel Hollins,PG
1722,Essie Hollis,SF
1723,Dennis Holman,PG
1724,Jim Holstein,SF
1725,A.W. Holt,SF
1726,Mike Holton,SG
1727,Dick Holub,
1728,Joe Holup,SF
1729,Red Holzman,PG
1730,Jerald Honeycutt,PF
1731,Tyler Honeycutt,SF
1732,Derek Hood,PF
1733,Bobby Hooper,PG
1734,Carroll Hooser,PF
1735,Tom Hoover,C
1736,Bob Hopkins,C
1737,Dave Hoppen,C
1738,Dennis Hopson,SG
1739,Johnny Horan,
1740,Cedrick Hordges,PF
1741,Tito Horford,C
1742,Ron Horn,SF
1743,Jeff Hornacek,SG
1744,Dennis Horner,PF
1745,Robert Horry,SF
1746,Ed Horton,PF
1747,Bill Hosket,PF
1748,Bob Houbregs,PF
1749,Eddie House,PG
1750,Allan Houston,SG
1751,Byron Houston,PF
1752,Tom Hovasse,SF
1753,Brian Howard,SF
1754,Greg Howard,PF
1755,Josh Howard,SF
1756,Juwan Howard,PF
1757,Mo Howard,SG
1758,Otis Howard,PF
1759,Stephen Howard,SF
1760,Bailey Howell,PF
1761,Bob Hubbard,
1762,Phil Hubbard,PF
1763,Lou Hudson,SF
1764,Troy Hudson,PG
1765,Nate Huffman,C
1766,Alfredrick Hughes,SG
1767,Eddie Hughes,PG
1768,Kim Hughes,C
1769,Larry Hughes,PG
1770,Rick Hughes,PF
1771,John Hummer,C
1772,Ryan Humphrey,PF
1773,Jay Humphries,SG
1774,Hot Rod Hundley,SG
1775,Brandon Hunter,PF
1776,Cedric Hunter,PG
1777,Chris Hunter,C
1778,Les Hunter,PF
1779,Lindsey Hunter,PG
1780,Othello Hunter,PF
1781,Steven Hunter,C
1782,Bobby Hurley,PG
1783,Roy Hurley,
1784,Geoff Huston,PG
1785,Paul Huston,
1786,Mel Hutchins,C
1787,Joe Hutton,SG
1788,Greg Hyder,SF
1789,P.J. Hairston,SG
1790,Jordan Hamilton,SF
1791,Justin Hamilton,C
1792,A.J. Hammons,C
1793,Ben Hansbrough,PG
1794,Tyler Hansbrough,PF
1795,Tim Hardaway,SG
1796,James Harden,SG
1797,Maurice Harkless,SF
1798,Justin Harper,PF
1799,Montrezl Harrell,PF
1800,Josh Harrellson,PF
1801,Devin Harris,PG
1802,Elias Harris,SF
1803,Gary Harris,SG
1804,Joe Harris,SG
1805,Manny Harris,SG
1806,Mike Harris,PF
1807,Terrel Harris,SG
1808,Tobias Harris,SF
1809,Aaron Harrison,SG
1810,Andrew Harrison,SG
1811,Udonis Haslem,PF
1812,Spencer Hawes,C
1813,Chuck Hayes,PF
1814,Gordon Hayward,SF
1815,Gerald Henderson,SG
1816,Xavier Henry,SG
1817,John Henson,PF
1818,Juan Hernangomez,PF
1819,Willy Hernangomez,C
1820,Mario Hezonja,SF
1821,Roy Hibbert,C
1822,J.J. Hickson,C
1823,Buddy Hield,SG
1824,Nene,C
1825,George Hill,PG
1826,Jordan Hill,PF
1827,Solomon Hill,SF
1828,Darrun Hilliard,SG
1829,Kirk Hinrich,PG
1830,Jrue Holiday,PG
1831,Justin Holiday,SG
1832,Ryan Hollins,C
1833,Rondae Hollis-Jefferson,SF
1834,Richaun Holmes,PF
1835,Rodney Hood,SG
1836,Scotty Hopson,SG
1837,Al Horford,C
1838,Danuel House,SG
1839,Dwight Howard,PF
1840,Lester Hudson,PG
1841,Marcelo Huertas,PG
1842,Josh Huestis,PF
1843,Robbie Hummel,SF
1844,Kris Humphries,PF
1845,R.J. Hunter,SG
1846,Marc Iavaroni,PF
1847,Zydrunas Ilgauskas,C
1848,Mile Ilic,C
1849,Darrall Imhoff,C
1850,Tom Ingelsby,PG
1851,McCoy Ingram,PF
1852,Ervin Inniger,SG
1853,Byron Irvin,SG
1854,George Irvine,SF
1855,Dan Issel,C
1856,Mike Iuzzolino,PG
1857,Allen Iverson,PG
1858,Willie Iverson,PG
1859,Royal Ivey,PG
1860,Elvin Ivory,
1861,Serge Ibaka,PF
1862,Andre Iguodala,SG
1863,Didier Ilunga-Mbenga,C
1864,Ersan Ilyasova,PF
1865,Joe Ingles,SF
1866,Damien Inglis,SF
1867,Brandon Ingram,SF
1868,Kyrie Irving,PG
1869,Warren Jabali,SG
1870,Al Jackson,
1871,Bobby Jackson,PG
1872,Cedric Jackson,PG
1873,Greg Jackson,SG
1874,Jaren Jackson,SG
1875,Jermaine Jackson,SG
1876,Jim Jackson,SF
1877,Luke Jackson,PF
1878,Luke Jackson,SF
1879,Marc Jackson,C
1880,Mark Jackson,PG
1881,Mervin Jackson,PG
1882,Michael Jackson,PG
1883,Mike Jackson,PF
1884,Myron Jackson,PG
1885,Phil Jackson,PF
1886,Ralph Jackson,PG
1887,Randell Jackson,PF
1888,Stanley Jackson,SG
1889,Stephen Jackson,SF
1890,Tony Jackson,SG
1891,Tony Jackson,PG
1892,Tracy Jackson,SG
1893,Wardell Jackson,SF
1894,Fred Jacobs,
1895,Casey Jacobsen,SF
1896,Sam Jacobson,PG
1897,Dave Jamerson,SG
1898,Aaron James,SF
1899,Billy James,PG
1900,Gene James,
1901,Henry James,PF
1902,Jerome James,C
1903,Mike James,PG
1904,Tim James,SF
1905,Antawn Jamison,SF
1906,Harold Jamison,PF
1907,John Janisch,
1908,Howie Janotta,
1909,Marko Jaric,SF
1910,Tony Jaros,
1911,Jim Jarvis,PG
1912,Sarunas Jasikevicius,PG
1913,Nathan Jawai,PF
1914,Buddy Jeannette,
1915,Abdul Jeelani,SF
1916,Chris Jefferies,SF
1917,Dontell Jefferson,SG
1918,Jared Jeffries,SF
1919,Horace Jenkins,PG
1920,Keith Jennings,PG
1921,Chris Jent,SF
1922,Les Jepsen,C
1923,Eugene Jeter,PG
1924,Hal Jeter,
1925,Yi Jianlian,PF
1926,Britton Johnsen,C
1927,Alexander Johnson,PF
1928,Andy Johnson,SF
1929,Anthony Johnson,PG
1930,Armon Johnson,PG
1931,Arnie Johnson,SF
1932,Avery Johnson,PG
1933,Buck Johnson,SF
1934,Carldell Johnson,PG
1935,Charles Johnson,SG
1936,Cheese Johnson,SF
1937,Clay Johnson,SG
1938,Clemon Johnson,C
1939,Darryl Johnson,PG
1940,Dave Johnson,SG
1941,DeMarco Johnson,PF
1942,Dennis Johnson,SG
1943,DerMarr Johnson,SF
1944,Ed Johnson,C
1945,Eddie Johnson,SG
1946,Eddie Johnson,SF
1947,Eric Johnson,PG
1948,Ervin Johnson,C
1949,Frank Johnson,PG
1950,George Johnson,C
1951,George Johnson,C
1952,George Johnson,PF
1953,Gus Johnson,PF
1954,Harold Johnson,
1955,JaJuan Johnson,PF
1956,John Johnson,SF
1957,Kannard Johnson,SF
1958,Ken Johnson,PF
1959,Ken Johnson,C
1960,Kevin Johnson,PG
1961,Larry Johnson,SG
1962,Larry Johnson,PF
1963,Lee Johnson,PF
1964,Linton Johnson,SF
1965,Magic Johnson,SG
1966,Marques Johnson,SF
1967,Mickey Johnson,PF
1968,Neil Johnson,PF
1969,Ollie Johnson,SF
1970,Ralph Johnson,PG
1971,Reggie Johnson,PF
1972,Rich Johnson,C
1973,Ron Johnson,
1974,Steffond Johnson,PF
1975,Steve Johnson,C
1976,Stew Johnson,PF
1977,Vinnie Johnson,SG
1978,Nate Johnston,PF-SF
1979,Neil Johnston,C
1980,Jim Johnstone,PF-C
1981,Howie Jolliff,PF
1982,Alvin Jones,C
1983,Anthony Jones,SF-SG
1984,Askia Jones,SG
1985,Bill Jones,PF
1986,Bobby Jones,PF
1987,Bobby Jones,SF
1988,Caldwell Jones,C
1989,Charles Jones,PF
1990,Charles Jones,C
1991,Charles Jones,SG
1992,Collis Jones,PF
1993,Damon Jones,PG
1994,Dominique Jones,SG
1995,Dontae' Jones,SF
1996,Dwayne Jones,PF
1997,Dwight Jones,PF
1998,Earl Jones,C
1999,Eddie Jones,SG
2000,Edgar Jones,PF
2001,Fred Jones,SG
2002,Hutch Jones,SF
2003,Jake Jones,SG
2004,Jimmy Jones,SG
2005,Johnny Jones,SF
2006,Jumaine Jones,SF
2007,K.C. Jones,PG
2008,Larry Jones,SG
2009,Major Jones,PF
2010,Mark Jones,PG
2011,Mark Jones,SF
2012,Nick Jones,PG
2013,Ozell Jones,C
2014,Popeye Jones,PF
2015,Rich Jones,SF
2016,Robin Jones,C
2017,Sam Jones,SG
2018,Shelton Jones,SF
2019,Steve Jones,SG
2020,Wah Wah Jones,PF
2021,Wali Jones,SG
2022,Wil Jones,PF
2023,Willie Jones,PG
2024,Adonis Jordan,PG
2025,Charles Jordan,SF
2026,Eddie Jordan,PG
2027,Michael Jordan,SG
2028,Reggie Jordan,SG
2029,Thomas Jordan,PF
2030,Walter Jordan,SF
2031,Phil Jordon,
2032,Johnny Jorgensen,
2033,Noble Jorgensen,C
2034,Roger Jorgensen,
2035,Garth Joseph,C
2036,Yvon Joseph,C
2037,Kevin Joyce,SG
2038,Butch Joyner,
2039,Jeff Judkins,SF
2040,Jarrett Jack,SG
2041,Darnell Jackson,PF
2042,Demetrius Jackson,PG
2043,Pierre Jackson,PG
2044,Reggie Jackson,PG
2045,Bernard James,C
2046,Damion James,SF
2047,LeBron James,SG
2048,Othyus Jeffers,SG
2049,Al Jefferson,PF
2050,Cory Jefferson,PF
2051,Richard Jefferson,SF
2052,Charles Jenkins,PG
2053,John Jenkins,SG
2054,Brandon Jennings,PG
2055,Jonas Jerebko,PF
2056,Grant Jerrett,PF
2057,Amir Johnson,SF
2058,Brice Johnson,PF
2059,Chris Johnson,C
2060,Chris Johnson,SF
2061,Ivan Johnson,PF
2062,James Johnson,PF
2063,Joe Johnson,SG
2064,Nick Johnson,SG
2065,Orlando Johnson,SG
2066,Stanley Johnson,SF
2067,Trey Johnson,SG
2068,Tyler Johnson,SG
2069,Wesley Johnson,SG
2070,Darius Johnson-Odom,SG
2071,Nikola Jokic,C
2072,Dahntay Jones,SG
2073,Damian Jones,C
2074,DeQuan Jones,SF
2075,Derrick Jones,SF
2076,James Jones,SF
2077,Kevin Jones,PF
2078,Perry Jones,SF
2079,Solomon Jones,PF
2080,Terrence Jones,PF
2081,Tyus Jones,PG
2082,DeAndre Jordan,C
2083,Jerome Jordan,C
2084,Cory Joseph,PG
2085,Kris Joseph,SF
2086,Whitey Kachan,
2087,George Kaftan,SF
2088,Ed Kalafat,PF
2089,Ralph Kaplowitz,
2090,Jason Kapono,SF
2091,Tony Kappen,
2092,Coby Karl,SG
2093,George Karl,PG
2094,Ed Kasid,
2095,Mario Kasun,C
2096,Leo Katkaveck,
2097,Bob Kauffman,C
2098,Sasha Kaun,C
2099,Wilbert Kautz,
2100,Clarence Kea,PF
2101,Mike Kearns,PG
2102,Tommy Kearns,
2103,Adam Keefe,PF
2104,Harold Keeling,SG
2105,Bill Keller,SG
2106,Gary Keller,PF
2107,Ken Keller,
2108,Rich Kelley,C
2109,Clark Kellogg,PF
2110,Arvesta Kelly,
2111,Jerry Kelly,
2112,Tom Kelly,
2113,Greg Kelser,SF
2114,Ben Kelso,SG
2115,Shawn Kemp,PF
2116,Tim Kempton,PF
2117,Frank Kendrick,SF
2118,Goo Kennedy,PF
2119,Joe Kennedy,SF
2120,Pickles Kennedy,
2121,Larry Kenon,PF
2122,Billy Kenville,PG
2123,Jonathan Kerner,C
2124,Red Kerr,C
2125,Steve Kerr,PG
2126,Jack Kerris,PF
2127,Jerome Kersey,SF
2128,Tom Kerwin,
2129,Alec Kessler,C
2130,Lari Ketner,PF
2131,Julius Keye,C
2132,Randolph Keys,SF
2133,Viktor Khryapa,SF
2134,Jason Kidd,PG
2135,Warren Kidd,PF
2136,Irv Kiffin,SF
2137,Jack Kiley,SG
2138,Earnie Killum,
2139,Carl Kilpatrick,C
2140,Toby Kimball,PF
2141,Bo Kimble,SG
2142,Stan Kimbrough,PG
2143,Chad Kinch,SG
2144,Albert King,SF
2145,Bernard King,SF
2146,Chris King,SF
2147,Dan King,
2148,Frankie King,PG
2149,George King,PG
2150,Gerard King,SF
2151,Jim King,PG
2152,Jimmy King,SG
2153,Loyd King,SG
2154,Maury King,PG
2155,Reggie King,PF
2156,Rich King,C
2157,Ron King,SG
2158,Stacey King,PF
2159,Tom King,
2160,Bob Kinney,
2161,Tarence Kinsey,SG
2162,Andrei Kirilenko,SF
2163,Walt Kirk,PG
2164,Wilber Kirkland,
2165,Jim Kissane,
2166,Doug Kistler,
2167,Curtis Kitchen,PF
2168,Greg Kite,C
2169,Kerry Kittles,SG
2170,Joe Kleine,C
2171,Leo Klier,
2172,Herm Klotz,
2173,Duane Klueh,
2174,Lonnie Kluttz,
2175,Billy Knight,SF
2176,Bob Knight,
2177,Brandin Knight,PG
2178,Brevin Knight,PG
2179,Negele Knight,PG
2180,Ron Knight,PF
2181,Toby Knight,SF
2182,Travis Knight,C
2183,Lee Knorek,
2184,Dick Knostman,C
2185,Rod Knowles,C
2186,Bart Kofoed,SG
2187,Don Kojis,SF
2188,Milo Komenich,
2189,Howard Komives,PG
2190,Jon Koncak,C
2191,Tom Kondla,C
2192,Bud Koper,SG
2193,Joe Kopicki,PF
2194,Frank Kornet,PF
2195,Yaroslav Korolev,SF
2196,Tony Koski,SF
2197,Len Kosmalski,C
2198,Andy Kostecka,
2199,Harold Kottman,
2200,Tom Kozelko,PF
2201,Ronald Kozlicki,SF
2202,Arvid Kramer,C
2203,Barry Kramer,SF
2204,Joel Kramer,PF
2205,Steven Kramer,SG
2206,Dan Kraus,
2207,Herb Krautblatt,
2208,Jim Krebs,C
2209,Wayne Kreklow,SG
2210,Tommy Kron,SG
2211,Tom Kropp,SG
2212,Nenad Krstic,PF
2213,Larry Krystkowiak,PF
2214,Steve Kuberski,PF
2215,Leo Kubiak,
2216,Bruce Kuczenski,PF
2217,Frank Kudelka,
2218,John Kuester,PG
2219,Ray Kuka,
2220,Toni Kukoc,SF
2221,Kevin Kunnert,C
2222,Terry Kunze,SG
2223,Mitch Kupchak,C
2224,C.J. Kupec,SF
2225,Rob Kurz,SF
2226,Ibo Kutluay,SG
2227,Chris Kaman,C
2228,Frank Kaminsky,C
2229,Enes Kanter,C
2230,Sergey Karasev,SF
2231,Ryan Kelly,PF
2232,D.J. Kennedy,SF
2233,Michael Kidd-Gilchrist,SF
2234,Sean Kilpatrick,SG
2235,Alex Kirk,C
2236,Linas Kleiza,PF
2237,Brandon Knight,PG
2238,Kyle Korver,SF
2239,Kosta Koufos,C
2240,Viacheslav Kravtsov,C
2241,Ognjen Kuzmic,C
2242,Mindaugas Kuzminskas,SF
2243,Reggie Lacefield,
2244,Edgar Lacey,
2245,Sam Lacey,C
2246,Bob Lackey,SG
2247,Fred LaCour,SF
2248,Wendell Ladner,SF
2249,Christian Laettner,PF
2250,Oliver Lafayette,SG
2251,Raef LaFrentz,C
2252,Tom LaGarde,C
2253,Bill Laimbeer,C
2254,Pete Lalich,
2255,Bo Lamar,SG
2256,John Lambert,PF
2257,Jeff Lamp,SF
2258,Maciej Lampe,C
2259,Jim Lampley,C
2260,Sean Lampley,SF
2261,Mark Landsberger,PF
2262,Jerome Lane,PF
2263,Andrew Lang,C
2264,Antonio Lang,SF
2265,James Lang,C
2266,Trajan Langdon,SG
2267,Keith Langford,SG
2268,Dan Langhi,SF
2269,Bob Lanier,C
2270,Stu Lantz,SG
2271,York Larese,SG
2272,Rusty LaRue,PG
2273,Rudy LaRusso,PF
2274,John Laskowski,SG
2275,Stephane Lasme,PF-SF
2276,Dave Lattin,PF
2277,Priest Lauderdale,C
2278,Rich Laurel,SG
2279,Harry Laurie,
2280,Walt Lautenbach,
2281,Tony Lavelli,
2282,Bob Lavoy,PF
2283,Acie Law,PG
2284,Edmund Lawrence,C
2285,Jason Lawson,C
2286,Mo Layton,PG
2287,Manny Leaks,C
2288,Hal Lear,
2289,Allen Leavell,PG
2290,Jeff Lebo,SG
2291,Eric Leckner,C
2292,Butch Lee,PG
2293,Clyde Lee,C
2294,David Lee,SF
2295,Dick Lee,
2296,Doug Lee,SG
2297,George Lee,SF
2298,Greg Lee,PG
2299,Keith Lee,PF
2300,Kurk Lee,PG
2301,Rock Lee,C
2302,Ron Lee,PG
2303,Russ Lee,SF
2304,Ed Leede,
2305,Hank Lefkowitz,
2306,Tim Legler,SG
2307,George Lehmann,PG
2308,Voshon Lenard,SG
2309,Leary Lentz,SF
2310,Gary Leonard,C
2311,Slick Leonard,PG
2312,Jim Les,PG
2313,Travis Leslie,SG
2314,Ronnie Lester,PG
2315,Clifford Lett,PG
2316,Andrew Levane,
2317,Fat Lever,PG
2318,Cliff Levingston,PF
2319,Bobby Lewis,SG
2320,Cedric Lewis,C
2321,Freddie Lewis,
2322,Freddie Lewis,PG
2323,Grady Lewis,
2324,Martin Lewis,SF
2325,Mike Lewis,C
2326,Quincy Lewis,SG
2327,Ralph Lewis,SG
2328,Rashard Lewis,SF
2329,Reggie Lewis,SG
2330,Marcus Liberty,SF
2331,Todd Lichti,SG
2332,Barry Liebowitz,PG-SG
2333,Bill Ligon,SG
2334,Goose Ligon,PF
2335,Steve Lingenfelter,PF
2336,Alton Lister,C
2337,Samuel Little,
2338,Gene Littles,PG
2339,Randy Livingston,PG
2340,Ron Livingstone,
2341,Horacio Llamas Grey,C
2342,Bobby Lloyd,PG
2343,Chuck Lloyd,
2344,Earl Lloyd,SF
2345,Lewis Lloyd,SG
2346,Scott Lloyd,C
2347,Riney Lochmann,SF
2348,Bob Lochmueller,SF
2349,Rob Lock,PF
2350,Darrell Lockhart,C
2351,Ian Lockhart,SF
2352,Kevin Loder,SF
2353,Don Lofgran,
2354,Henry Logan,PG
2355,John Logan,
2356,Brad Lohaus,PF
2357,Art Long,SF
2358,Grant Long,PF
2359,John Long,SG
2360,Paul Long,SG
2361,Willie Long,PF
2362,Luc Longley,C
2363,Felipe Lopez,SG
2364,Raul Lopez,PG
2365,Ryan Lorthridge,SG
2366,Jim Loscutoff,SF
2367,Plummer Lott,SF
2368,Kevin Loughery,SG
2369,Bob Love,PF
2370,Stan Love,PF
2371,Clyde Lovellette,C
2372,Sidney Lowe,PG
2373,Charlie Lowery,PG
2374,Al Lucas,
2375,Jerry Lucas,PF
2376,John Lucas,SG
2377,Maurice Lucas,C
2378,Ted Luckenbill,PF
2379,Tyronn Lue,PG
2380,Jim Luisi,PG
2381,Al Lujack,
2382,Phil Lumpkin,PG
2383,Ray Lumpp,
2384,R.B. Lynam,
2385,George Lynch,SF
2386,Kevin Lynch,SG
2387,Lonnie Lynn,SF
2388,Mike Lynn,SF
2389,Skal Labissiere,PF
2390,Doron Lamb,SG
2391,Jeremy Lamb,SF
2392,Carl Landry,PF
2393,Marcus Landry,SF
2394,Nicolas Laprovittola,PG
2395,Shane Larkin,PG
2396,Joffrey Lauvergne,C
2397,Zach LaVine,PG
2398,Gani Lawal,PF
2399,Ty Lawson,PG
2400,Jake Layman,SF
2401,Ricky Ledo,SG
2402,Courtney Lee,SG
2403,David Lee,SF
2404,Malcolm Lee,SG
2405,Alex Len,C
2406,Kawhi Leonard,SF
2407,Meyers Leonard,C
2408,Jon Leuer,PF
2409,Caris LeVert,SF
2410,DeAndre Liggins,SF
2411,Damian Lillard,PG
2412,Jeremy Lin,PG
2413,Shaun Livingston,PG
2414,Shawn Long,C
2415,Kevon Looney,PF
2416,Brook Lopez,C
2417,Robin Lopez,C
2418,Kevin Love,C
2419,Kyle Lowry,PG
2420,Kalin Lucas,PG
2421,John Lucas III,PG
2422,Timothe Luwawu-Cabarrot,SF
2423,Trey Lyles,PF
2424,Mike Macaluso,SF
2425,Ed Macauley,
2426,Todd MacCulloch,C
2427,Ronnie MacGilvray,PG
2428,Arvydas Macijauskas,SG
2429,Ollie Mack,SG
2430,Sam Mack,SF
2431,Malcolm Mackey,C
2432,Rudy Macklin,SF
2433,Johnny Macknowski,
2434,Don MacLean,PF
2435,Mark Macon,SG
2436,Kyle Macy,PG
2437,Jack Maddox,
2438,Tito Maddox,SG
2439,Gerald Madkins,SG
2440,Mark Madsen,PF
2441,Norm Mager,
2442,Corey Maggette,SF
2443,Dave Magley,SF
2444,Jamaal Magloire,C
2445,Randolph Mahaffey,SF
2446,John Mahnken,C
2447,Brian Mahoney,SG
2448,Mo Mahoney,
2449,Rick Mahorn,PF
2450,Dan Majerle,SG
2451,Renaldo Major,PF
2452,Lionel Malamed,
2453,Jeff Malone,SG
2454,Karl Malone,PF
2455,Moses Malone,C
2456,Matt Maloney,PG
2457,Steve Malovic,PF
2458,Mike Maloy,PF
2459,Ted Manakas,SG
2460,John Mandic,
2461,Frank Mangiapane,
2462,Danny Manning,PF
2463,Ed Manning,PF
2464,Guy Manning,SF
2465,Rich Manning,PF
2466,Pace Mannion,SF
2467,Nick Mantis,SG
2468,Pete Maravich,SG
2469,Press Maravich,
2470,Roy Marble,SG
2471,Stephon Marbury,PG
2472,Sarunas Marciulionis,SG
2473,Saul Mariaschin,
2474,Jack Marin,SF
2475,Shawn Marion,SF
2476,Damir Markota,PF
2477,Sean Marks,PF
2478,Harvey Marlatt,SG
2479,Jim Marsh,SF
2480,Ricky Marsh,SG
2481,Donny Marshall,SF
2482,Donyell Marshall,SF
2483,Rawle Marshall,SF
2484,Tom Marshall,SF
2485,Vester Marshall,SF
2486,Bill Martin,SF
2487,Bob Martin,C
2488,Brian Martin,SF-PF
2489,Cuonzo Martin,SG
2490,Darrick Martin,PG
2491,Dino Martin,
2492,Don Martin,
2493,Fernando Martin,C
2494,Jeff Martin,SG
2495,Kenyon Martin,PF
2496,Kevin Martin,PG
2497,LaRue Martin,C
2498,Maurice Martin,SF
2499,Phil Martin,SF
2500,Slater Martin,PG
2501,Whitey Martin,SG
2502,Jamal Mashburn,SF
2503,Al Masino,PG
2504,Anthony Mason,PF
2505,Desmond Mason,SF
2506,Roger Mason,SF
2507,Tony Massenburg,PF
2508,Eddie Mast,PF
2509,Johnny Mathis,PF
2510,Wes Matthews,PG
2511,Ariel Maughan,
2512,Marlon Maxey,PF
2513,Jason Maxiell,PF
2514,Cedric Maxwell,SF
2515,Vernon Maxwell,SG
2516,Don May,SF
2517,Scott May,SF
2518,Sean May,PF
2519,Lee Mayberry,PG
2520,Clyde Mayes,PF
2521,Tharon Mayes,SG
2522,Bill Mayfield,SF
2523,Ken Mayfield,SG
2524,Travis Mays,PG
2525,Matt Mazza,
2526,Bob McAdoo,PF
2527,Ken McBride,SG
2528,Bob McCann,SF
2529,Brendan McCann,PG
2530,Mel McCants,SF
2531,Rashad McCants,SG
2532,Mike McCarron,
2533,Andre McCarter,PG
2534,Willie McCarter,SG
2535,Johnny McCarthy,PG
2536,Howie McCarty,
2537,Kelly McCarty,SG
2538,Walter McCarty,PF
2539,Amal McCaskill,C
2540,Dwayne McClain,SF
2541,Ted McClain,SG
2542,Dan McClintock,C
2543,Jack McCloskey,SG
2544,George McCloud,SF
2545,John McConathy,
2546,Bucky McConnell,PG
2547,Keith McCord,SG
2548,Tim McCormick,C
2549,Jelani McCoy,C
2550,Paul McCracken,SG
2551,Chris McCray,SG
2552,Rodney McCray,SF
2553,Scooter McCray,PF
2554,John McCullough,SG
2555,Clint McDaniel,SG
2556,Xavier McDaniel,SF
2557,Jim McDaniels,C
2558,Ben McDonald,SF
2559,Glenn McDonald,SF
2560,Michael McDonald,C
2561,Roderick McDonald,PF
2562,Hank McDowell,PF
2563,Antonio McDyess,PF
2564,Jim McElroy,PG
2565,Patrick McFarland,SG
2566,Ivan McFarlin,PF
2567,Mel McGaha,
2568,Mike McGee,SF
2569,Bill McGill,C
2570,George McGinnis,SF
2571,Jon McGlocklin,SG
2572,Tracy McGrady,SF
2573,Gil McGregor,PF
2574,Elton McGriff,C
2575,Alfred McGuire,PG
2576,Allie McGuire,SG
2577,Dick McGuire,PG
2578,Kevin McHale,PF
2579,Maurice McHartley,PG
2580,Jim McIlvaine,C
2581,Jeff McInnis,PG
2582,Kenny McIntosh,SF
2583,Bob McIntyre,SF
2584,Jerry McKee,
2585,Kevin McKenna,SG
2586,Forrest McKenzie,SF
2587,Stan McKenzie,SG
2588,Derrick McKey,SF
2589,Aaron McKie,SG
2590,Billy McKinney,PG
2591,Bones McKinney,SF
2592,Carlton McKinney,SG
2593,McCoy McLemore,SF
2594,George McLeod,
2595,Keith McLeod,PG
2596,Roshown McLeod,SF
2597,Jack McMahon,PG
2598,Nate McMillan,PG
2599,Tom McMillen,C
2600,Jim McMillian,SF
2601,Shellie McMillon,PF
2602,Mal McMullen,
2603,Chet McNabb,
2604,Mark McNamara,C
2605,Joe McNamee,SF
2606,Chris McNealy,PF
2607,Bob McNeill,PG
2608,Larry McNeill,PF
2609,Carl McNulty,SG
2610,Paul McPherson,PG
2611,Roy McPipe,SG
2612,Cozell McQueen,PF
2613,Thales McReynolds,
2614,Eric McWilliams,PF
2615,George Mearns,
2616,Stanislav Medvedenko,PF
2617,Darnell Mee,SG
2618,Cliff Meely,PF
2619,Scott Meents,PF
2620,Dick Mehen,PF
2621,Monk Meineke,PF
2622,Carl Meinhold,
2623,Bill Melchionni,PG
2624,Gary Melchionni,PG
2625,Ed Melvin,
2626,Dean Meminger,SG
2627,Chuck Mencel,PG
2628,John Mengelt,SG
2629,Ken Menke,
2630,Dewitt Menyard,C
2631,Ron Mercer,SG
2632,Joe Meriweather,C
2633,Porter Meriwether,PG
2634,Tom Meschery,PF
2635,Bill Meyer,
2636,Loren Meyer,C
2637,Dave Meyers,PF
2638,Stan Miasek,
2639,Larry Micheaux,PF
2640,Red Mihalik,
2641,Chris Mihm,C
2642,Ed Mikan,C
2643,George Mikan,C
2644,Larry Mikan,SF
2645,Vern Mikkelsen,PF
2646,Al Miksis,
2647,Aaron Miles,PG
2648,Darius Miles,SF
2649,Eddie Miles,SG
2650,Marko Milic,SF
2651,Darko Milicic,C
2652,Nat Militzok,
2653,Anthony Miller,PF
2654,Bill Miller,
2655,Bob Miller,PF
2656,Brad Miller,C
2657,Dick Miller,SF
2658,Eddie Miller,C
2659,Harry Miller,
2660,Jay Miller,SF
2661,Larry Miller,SG
2662,Oliver Miller,C
2663,Reggie Miller,SG
2664,Walt Miller,
2665,Chris Mills,SF
2666,John Mills,
2667,Terry Mills,PF
2668,Harold Miner,SG
2669,Yao Ming,C
2670,Dirk Minniefield,PG
2671,Dave Minor,SG
2672,Greg Minor,SG
2673,Mark Minor,SF
2674,Wat Misaka,
2675,Jason Miskiri,PG
2676,Leland Mitchell,SG
2677,Mike Mitchell,SF
2678,Murray Mitchell,
2679,Sam Mitchell,PF
2680,Todd Mitchell,SF
2681,Steve Mix,SF
2682,Bill Mlkvy,SF
2683,Cuttino Mobley,PG
2684,Eric Mobley,C
2685,Doug Moe,SF
2686,Larry Moffett,SF
2687,Leo Mogus,
2688,Jerome Moiso,C
2689,Paul Mokeski,C
2690,Jack Molinas,SF
2691,Wayne Molis,C
2692,Sidney Moncrief,SG
2693,Eric Money,SG
2694,Sergei Monia,SF
2695,Earl Monroe,SG
2696,Rodney Monroe,SG
2697,Howie Montgomery,SF
2698,Eric Montross,C
2699,Jamario Moon,SF
2700,Jim Mooney,SF
2701,Andre Moore,PF-SF
2702,Gene Moore,C
2703,Jackie Moore,
2704,Johnny Moore,PG
2705,Larry Moore,
2706,Lowes Moore,PG
2707,Mikki Moore,C
2708,Otto Moore,C
2709,Richard Moore,SG
2710,Ron Moore,C
2711,Tracy Moore,SF
2712,Jackie Moreland,PF
2713,Guy Morgan,SG
2714,Rex Morgan,SG
2715,Elmore Morgenthaler,
2716,Darren Morningstar,C
2717,Chris Morris,SF
2718,Isaiah Morris,SF
2719,Max Morris,
2720,Randolph Morris,C
2721,Terence Morris,SF
2722,Adam Morrison,PF
2723,John Morrison,
2724,Mike Morrison,SG
2725,Red Morrison,C
2726,Dwayne Morton,PG
2727,John Morton,SG
2728,Richard Morton,PG
2729,Glenn Mosley,PF
2730,Perry Moss,PG
2731,Lawrence Moten,SG
2732,Hanno Mottola,SF
2733,Rick Mount,SG
2734,Alonzo Mourning,C
2735,Chuck Mrazovich,
2736,Erwin Mueller,C
2737,Joe Mullaney,
2738,Bob Mullens,
2739,Chris Mullin,SG
2740,Jeff Mullins,SG
2741,Todd Mundt,C
2742,Chris Munk,PF
2743,George Munroe,
2744,Eric Murdock,PG
2745,Gheorghe Muresan,C
2746,Allen Murphy,SG
2747,Calvin Murphy,PG
2748,Dick Murphy,
2749,Jay Murphy,PF
2750,John Murphy,
2751,Ronnie Murphy,SF
2752,Tod Murphy,PF
2753,Troy Murphy,PF
2754,Ken Murray,
2755,Lamond Murray,SF
2756,Ronald Murray,SG
2757,Tracy Murray,SF
2758,Willie Murrell,SF
2759,Dorie Murrey,PF
2760,Angelo Musi,
2761,Jerrod Mustaf,PF
2762,Dikembe Mutombo,C
2763,Martin Muursepp,PF
2764,Pete Myers,SG
2765,Scott Machado,PG
2766,Shelvin Mack,PG
2767,Vernon Macklin,C
2768,Ian Mahinmi,C
2769,Thon Maker,PF
2770,Devyn Marble,SG
2771,Boban Marjanovic,C
2772,Kendall Marshall,PG
2773,Cartier Martin,SF
2774,Jarell Martin,PF
2775,Wesley Matthews,SG
2776,Eric Maynor,PG
2777,O.J. Mayo,SG
2778,Luc Mbah a Moute,PF
2779,James Michael McAdoo,PF
2780,Ray McCallum,PG
2781,Patrick McCaw,SG
2782,Sheldon McClellan,SG
2783,C.J. McCollum,SG
2784,T.J. McConnell,PG
2785,Chris McCullough,PF
2786,K.J. McDaniels,SG
2787,Doug McDermott,SF
2788,Mitch McGary,PF
2789,JaVale McGee,C
2790,Rodney McGruder,SG
2791,Dominic McGuire,SG
2792,Ben McLemore,SG
2793,Jerel McNeal,PG
2794,Jordan McRae,PG
2795,Josh McRoberts,PF
2796,Jodie Meeks,SG
2797,Salah Mejri,C
2798,Gal Mekel,PG
2799,Fab Melo,C
2800,Pops Mensah-Bonsu,PF
2801,Jordan Mickey,PF
2802,Khris Middleton,SG
2803,C.J. Miles,PG
2804,Andre Miller,PG
2805,Darius Miller,SF
2806,Mike Miller,SF
2807,Quincy Miller,PF
2808,Patty Mills,PG
2809,Elijah Millsap,SG
2810,Paul Millsap,PF
2811,Nikola Mirotic,PF
2812,Tony Mitchell,SF
2813,Tony Mitchell,PF
2814,Nazr Mohammed,C
2815,Greg Monroe,C
2816,Luis Montero,SG
2817,E'Twaun Moore,PG
2818,Eric Moreland,PF
2819,Darius Morris,PG
2820,Marcus Morris,PF
2821,Markieff Morris,PF
2822,Anthony Morrow,SG
2823,Donatas Motiejunas,PF
2824,Arnett Moultrie,PF
2825,Timofey Mozgov,C
2826,Emmanuel Mudiay,PG
2827,Shabazz Muhammad,SG
2828,Byron Mullens,PF
2829,Xavier Munford,SG
2830,Erik Murphy,C
2831,Kevin Murphy,SG
2832,Dejounte Murray,PG
2833,Jamal Murray,SG
2834,Toure' Murry,PG
2835,Mike Muscala,PF
2836,Makhtar N'Diaye,PF
2837,Mamadou N'Diaye,C
2838,Boniface N'Dong,C
2839,Bob Naber,
2840,Boris Nachamkin,
2841,Bostjan Nachbar,SF
2842,Jerry Nagel,
2843,Fritz Nagy,
2844,Lee Nailon,SF
2845,Eduardo Najera,PF
2846,Larry Nance,PF
2847,Paul Napolitano,
2848,Bob Nash,SF
2849,Cotton Nash,SF
2850,Steve Nash,PG
2851,Swen Nater,C
2852,Howard Nathan,PG
2853,Calvin Natt,SF
2854,Kenny Natt,SG
2855,Willie Naulls,PF
2856,Juan Carlos Navarro,SG
2857,Craig Neal,PG
2858,Jim Neal,C
2859,Lloyd Neal,C
2860,Ed Nealy,PF
2861,Al Negratti,
2862,Barry Nelson,C
2863,DeMarcus Nelson,PG
2864,Don Nelson,SF
2865,Louie Nelson,SG
2866,Ron Nelson,SG
2867,Ruben Nembhard,SG-PG
2868,Dick Nemelka,SG
2869,Tyrone Nesby,SF
2870,Martin Nessley,C
2871,Rasho Nesterovic,C
2872,Bob Netolicky,PF
2873,Johnny Neumann,SG
2874,Paul Neumann,PG
2875,Chuck Nevitt,C
2876,Melvin Newbern,SG
2877,Ivano Newbill,SF
2878,Ira Newble,SF
2879,Mike Newlin,SG
2880,Johnny Newman,SF
2881,Dave Newmark,C
2882,Bill Newton,PF
2883,Demetris Nichols,SF
2884,Jack Nichols,PF
2885,Gaylon Nickerson,SG
2886,Carl Nicks,PG
2887,Rich Niemann,C
2888,Richie Niemiera,
2889,Mike Niles,SF
2890,Kurt Nimphius,C
2891,Dyron Nix,SF
2892,Norm Nixon,PG
2893,Chuck Noble,SG
2894,Andres Nocioni,SF
2895,David Noel,PF
2896,Paul Noel,
2897,Jim Nolan,
2898,Paul Nolen,
2899,Jeff Nordgaard,PF
2900,Bevo Nordmann,C
2901,Johnny Norlander,
2902,Connie Norman,SG
2903,Ken Norman,SF
2904,Audie Norris,C
2905,Moochie Norris,PG
2906,Sylvester Norris,C
2907,Willie Norwood,SF
2908,George Nostrand,
2909,Stan Noszka,
2910,Mike Novak,
2911,Mel Nowell,SG
2912,Dennis Nutt,PG
2913,Julius Nwosu,C
2914,Hamady N'Diaye,C
2915,Larry Nance Jr.,PF
2916,Shabazz Napier,PG
2917,Maurice Ndour,PF
2918,Gary Neal,SG
2919,Nemanja Nedovic,SG
2920,Jameer Nelson,PG
2921,Raul Neto,PG
2922,Georges Niang,PF
2923,Andrew Nicholson,PF
2924,Joakim Noah,C
2925,Nerlens Noel,C
2926,Lucas Nogueira,C
2927,Steve Novak,SF
2928,Dirk Nowitzki,PF
2929,James Nunnally,SF
2930,Jusuf Nurkic,C
2931,David Nwaba,SG
2932,Charles O'Bannon,SG
2933,Ed O'Bannon,SG
2934,John O'Boyle,SG
2935,Bob O'Brien,
2936,Jim O'Brien,SF
2937,Jimmy O'Brien,PG
2938,Ralph O'Brien,SG
2939,Dermie O'Connell,
2940,Andy O'Donnell,
2941,Buddy O'Grady,
2942,Francis O'Hanlon,
2943,Dick O'Keefe,
2944,Tommy O'Keefe,
2945,Mike O'Koren,SF
2946,Grady O'Malley,
2947,Jermaine O'Neal,PF
2948,Shaquille O'Neal,C
2949,Mike O'Neill,SF
2950,Kevin O'Shea,
2951,Garland O'Shields,
2952,Dan O'Sullivan,C
2953,Charles Oakley,PF
2954,Fabricio Oberto,C
2955,Greg Oden,C
2956,Lamar Odom,SF
2957,Bud Ogden,SF
2958,Ralph Ogden,
2959,Alan Ogg,C
2960,Don Ohl,SG
2961,Emeka Okafor,PF
2962,Mehmet Okur,PF
2963,Hakeem Olajuwon,C
2964,Mark Olberding,PF-SF
2965,Jawann Oldham,C
2966,John Oldham,
2967,Frank Oleynick,SG
2968,John Olive,SF
2969,Brian Oliver,SG
2970,Dean Oliver,PG
2971,Jimmy Oliver,SG
2972,Kevin Ollie,PG
2973,Gene Ollrich,
2974,Michael Olowokandi,C
2975,Bud Olsen,PF
2976,Barry Orms,PG
2977,Johnny Orr,
2978,Louis Orr,SF
2979,Jose Ortiz,PF
2980,Chuck Osborne,PF
2981,Wally Osterkorn,SF
2982,Greg Ostertag,C
2983,Matt Othick,PG
2984,Don Otten,C
2985,Mac Otten,
2986,Bo Outlaw,SF
2987,Claude Overton,SG
2988,Doug Overton,PG
2989,Andre Owens,PG
2990,Billy Owens,PF
2991,Chris Owens,SF
2992,Eddie Owens,SF
2993,Jim Owens,SF
2994,Keith Owens,SF
2995,Larry Owens,SF
2996,Red Owens,SG
2997,Tom Owens,C
2998,Ray Owes,PF
2999,Olumide Oyedeji,C
3000,J.J. O'Brien,SF
3001,Johnny O'Bryant,PF
3002,Patrick O'Bryant,C
3003,Kyle O'Quinn,C
3004,Daniel Ochefu,C
3005,Tim Ohlbrecht,C
3006,Jahlil Okafor,C
3007,Victor Oladipo,PG
3008,Kelly Olynyk,C
3009,Arinze Onuaku,PF
3010,Chinanu Onuaku,C
3011,Daniel Orton,PF
3012,Kelly Oubre Jr.,SF
3013,Travis Outlaw,PF
3014,Joe Pace,C
3015,Robert Pack,PG
3016,Wayne Pack,PG
3017,Gerald Paddio,SF
3018,Scott Padgett,PF
3019,Dana Pagett,
3020,Fred Paine,
3021,Milt Palacio,PG
3022,Togo Palazzi,SG
3023,Bud Palmer,
3024,Errol Palmer,SF
3025,Jim Palmer,C
3026,Walter Palmer,C
3027,Andy Panko,SF
3028,Jannero Pargo,PG
3029,Jeremy Pargo,PG
3030,Easy Parham,
3031,Robert Parish,C
3032,Med Park,SF
3033,Anthony Parker,SG
3034,Smush Parker,PG
3035,Sonny Parker,SF
3036,Barry Parkhill,SG
3037,Jack Parkinson,
3038,Charles Parks,
3039,Cherokee Parks,C
3040,Richard Parks,SF
3041,Jack Parr,C
3042,Doyle Parrack,
3043,Charlie Parsley,
3044,Zarko Paspalj,SF
3045,Marty Passaglia,
3046,George Pastushok,
3047,Myles Patrick,SF
3048,Stan Patrick,
3049,Andrae Patterson,PF
3050,George Patterson,C
3051,Ruben Patterson,SF
3052,Steve Patterson,C
3053,Tom Patterson,PF
3054,Worthy Patterson,
3055,Charlie Paulk,PF
3056,Jerry Paulson,
3057,Billy Paultz,C
3058,Jim Paxson,SF
3059,Jim Paxson,SG
3060,John Paxson,PG
3061,Johnny Payak,SG
3062,Kenny Payne,SF
3063,Tom Payne,C
3064,Gary Payton,PG
3065,Mel Payton,SF
3066,George Pearcy,
3067,Henry Pearcy,
3068,Wiley Peck,SF
3069,Rich Peek,C
3070,Anthony Peeler,SG
3071,George Peeples,C
3072,Jake Pelkington,
3073,Sam Pellom,PF
3074,Mike Penberthy,PG
3075,Jerry Pender,SG
3076,Desmond Penigar,PF
3077,Kirk Penney,SG
3078,Mike Peplowski,C
3079,Will Perdue,C
3080,Sam Perkins,PF
3081,Warren Perkins,
3082,Kosta Perovic,C
3083,Aulcie Perry,C
3084,Curtis Perry,C
3085,Elliot Perry,PG
3086,Ron Perry,PG
3087,Tim Perry,C
3088,Chuck Person,SF
3089,Wesley Person,SG
3090,Jim Petersen,PF
3091,Loy Petersen,SG
3092,Bob Peterson,
3093,Ed Peterson,
3094,Mel Peterson,
3095,Morris Peterson,SG
3096,Geoff Petrie,SG
3097,Drazen Petrovic,SG
3098,Richard Petruska,C
3099,Bob Pettit,PF
3100,Jerry Pettway,SG
3101,Roger Phegley,SG
3102,Jack Phelan,
3103,James Phelan,
3104,Derrick Phelps,PG
3105,Michael Phelps,SG
3106,Andy Phillip,
3107,Eddie Phillips,SF
3108,Gary Phillips,PG
3109,Gene Phillips,
3110,Bobby Phills,SG
3111,Eric Piatkowski,SG
3112,Walter Piatkowski,PF
3113,Ricky Pierce,SG
3114,Stan Pietkiewicz,SG
3115,Mickael Pietrus,PG
3116,John Pilch,
3117,Ed Pinckney,SF
3118,Kevinn Pinkney,PF
3119,John Pinone,SF
3120,Dave Piontek,SF
3121,Tom Piotrowski,C
3122,Scottie Pippen,SF
3123,Charles Pittman,PF
3124,Zoran Planinic,SG
3125,Gary Plummer,PF
3126,Pavel Podkolzin,C
3127,Dwayne Polee,SG
3128,Jim Pollard,SF
3129,Scot Pollard,C
3130,Ralph Polson,PF
3131,Olden Polynice,C
3132,Cliff Pondexter,PF
3133,David Pope,SF
3134,Mark Pope,SF
3135,Dave Popson,PF
3136,Ben Poquette,PF
3137,Chris Porter,SF
3138,Howard Porter,SF
3139,Kevin Porter,PG
3140,Terry Porter,PG
3141,Willie Porter,PF
3142,Bob Portman,SG
3143,James Posey,SF
3144,Lavor Postell,SG
3145,John Postley,
3146,Vitaly Potapenko,C
3147,Leon Powe,C
3148,Cincinnatus Powell,SF
3149,Kasib Powell,SF
3150,Roger Powell,SF
3151,Marlbert Pradd,SG
3152,Mike Pratt,SG
3153,Paul Pressey,SG
3154,Dominic Pressley,PG
3155,Harold Pressley,SF
3156,Stephen Previs,PG
3157,A.J. Price,PG
3158,Brent Price,PG
3159,Jim Price,PG
3160,Mark Price,PG
3161,Mike Price,SG
3162,Tony Price,SG
3163,Bob Priddy,
3164,John Pritchard,
3165,Kevin Pritchard,PG
3166,Laron Profit,SG
3167,Gabe Pruitt,PG
3168,Joel Przybilla,C
3169,Les Pugh,
3170,Roy Pugh,
3171,Anthony Pullard,PF
3172,Don Putman,
3173,Zaza Pachulia,C
3174,Georgios Papagiannis,C
3175,Kostas Papanikolaou,SF
3176,Jabari Parker,PF
3177,Tony Parker,PG
3178,Chandler Parsons,SF
3179,Lamar Patterson,SG
3180,Patrick Patterson,PF
3181,Chris Paul,PG
3182,Sasha Pavlovic,SF
3183,Adreian Payne,PF
3184,Cameron Payne,PG
3185,Elfrid Payton,PG
3186,Gary Payton II,PG
3187,Oleksiy Pecherov,C
3188,Nikola Pekovic,C
3189,Kendrick Perkins,C
3190,Johan Petro,C
3191,Paul Pierce,SF
3192,Dexter Pittman,C
3193,Tibor Pleiss,C
3194,Marshall Plumlee,C
3195,Mason Plumlee,C
3196,Miles Plumlee,C
3197,Jakob Poeltl,C
3198,Quincy Pondexter,SF
3199,Otto Porter,SF
3200,Bobby Portis,PF
3201,Kristaps Porzingis,PF
3202,Dwight Powell,PF
3203,Josh Powell,PF
3204,Norman Powell,SG
3205,Alex Poythress,SF
3206,Phil Pressey,PG
3207,Ronnie Price,PG
3208,Pablo Prigioni,PG
3209,Tayshaun Prince,SF
3210,Bob Quick,SF
3211,Chris Quinn,PG
3212,Brian Quinnett,SG
3213,Tim Quarterman,SG
3214,Luther Rackley,C
3215,Howie Rader,
3216,Mark Radford,SG
3217,Wayne Radford,SG
3218,Dino Radja,PF
3219,Vladimir Radmanovic,PF
3220,Aleksandar Radojevic,C
3221,Frank Radovich,
3222,Moe Radovich,PG
3223,Ray Radziszewski,
3224,Ray Ragelis,SF
3225,Sherwin Raiken,
3226,Ed Rains,SF
3227,Igor Rakocevic,PG
3228,Kurt Rambis,PF
3229,Peter John Ramos,C
3230,Cal Ramsey,SF
3231,Frank Ramsey,SF
3232,Ray Ramsey,
3233,Mark Randall,PF
3234,Wally Rank,SF
3235,Kelvin Ransey,PG
3236,Sam Ranzino,SG
3237,Bobby Rascoe,SF
3238,Blair Rasmussen,C
3239,George Ratkovicz,PF
3240,Ed Ratleff,SF
3241,Mike Ratliff,C
3242,Theo Ratliff,C
3243,Andy Rautins,SG
3244,Leo Rautins,SF
3245,Allan Ray,SG
3246,Clifford Ray,C
3247,Don Ray,
3248,James Ray,PF
3249,Jim Ray,
3250,Jimmy Rayl,PG
3251,Craig Raymond,C
3252,Connie Rea,
3253,Joe Reaves,SF
3254,Zeljko Rebraca,C
3255,Eldridge Recasner,SG
3256,Michael Redd,SG
3257,Frank Reddout,
3258,Marlon Redmond,SG
3259,Hub Reed,C
3260,Justin Reed,SF
3261,Ron Reed,PF
3262,Willis Reed,C
3263,Bryant Reeves,C
3264,Khalid Reeves,PG
3265,Richie Regan,PG
3266,Don Rehfeldt,SF
3267,Billy Reid,SG
3268,Don Reid,PF
3269,J.R. Reid,C
3270,Jim Reid,
3271,Robert Reid,SF
3272,Ryan Reid,PF
3273,Jared Reiner,C
3274,Chick Reiser,
3275,Richard Rellford,SF
3276,Terrence Rencher,PG
3277,John Rennicke,
3278,Bob Rensberger,
3279,Efthimi Rentzias,C
3280,Shawn Respert,SG
3281,Kevin Restani,PF
3282,George Reynolds,
3283,Jerry Reynolds,SF
3284,Kendall Rhine,C
3285,Gene Rhodes,SG
3286,Rodrick Rhodes,SF
3287,Glen Rice,SF
3288,Chris Richard,C
3289,Clint Richardson,SG
3290,Jason Richardson,SG
3291,Jeremy Richardson,SG-SF
3292,Micheal Ray Richardson,PG
3293,Norm Richardson,SG
3294,Pooh Richardson,PG
3295,Quentin Richardson,SG
3296,Mitch Richmond,SG
3297,John Richter,C
3298,Dick Ricketts,PF
3299,Isaiah Rider,SG
3300,Jackie Ridgle,SG
3301,Luke Ridnour,PG
3302,Mel Riebe,
3303,Bob Riedy,PF
3304,Jim Riffey,
3305,Antoine Rigaudeau,SG
3306,Tom Riker,C
3307,Bob Riley,
3308,Eric Riley,C
3309,Pat Riley,SG
3310,Ron Riley,PF
3311,Rich Rinaldi,SG
3312,Mike Riordan,SF
3313,Arnie Risen,C
3314,Tex Ritter,
3315,Ramon Rivas,C
3316,David Rivers,PG
3317,Doc Rivers,PG
3318,Lee Robbins,
3319,Red Robbins,C
3320,Anthony Roberson,PG
3321,Rick Roberson,C
3322,Terrance Roberson,SF
3323,Anthony Roberts,SF
3324,Bill Roberts,
3325,Fred Roberts,PF
3326,Joe Roberts,SF
3327,Lawrence Roberts,C
3328,Marv Roberts,SF
3329,Stanley Roberts,C
3330,Alvin Robertson,SG
3331,Oscar Robertson,PG
3332,Ryan Robertson,SG
3333,Tony Robertson,SG
3334,Rick Robey,C
3335,Bernard Robinson,SG
3336,Chris Robinson,SG
3337,Cliff Robinson,PF
3338,Clifford Robinson,PF
3339,David Robinson,C
3340,Eddie Robinson,SF
3341,Flynn Robinson,PG
3342,Glenn Robinson,SF
3343,Jackie Robinson,SF
3344,Jamal Robinson,SF
3345,James Robinson,PG
3346,Larry Robinson,SG
3347,Oliver Robinson,SG
3348,Ronnie Robinson,PF
3349,Rumeal Robinson,PG
3350,Samuel Robinson,SF
3351,Truck Robinson,PF
3352,Wayne Robinson,PF
3353,Wilbert Robinson,SG
3354,Bill Robinzine,PF
3355,Dave Robisch,C
3356,Red Rocha,C
3357,John Roche,SG
3358,Gene Rock,
3359,Jack Rocker,
3360,Guy Rodgers,PG
3361,Dennis Rodman,SF
3362,Lou Roe,SF
3363,Carlos Rogers,C
3364,Harry Rogers,PF
3365,Johnny Rogers,PF
3366,Marshall Rogers,PG
3367,Rodney Rogers,SF
3368,Roy Rogers,PF
3369,Willie Rogers,SG
3370,Al Roges,SF
3371,Ken Rohloff,
3372,Kenny Rollins,PG
3373,Phil Rollins,PG
3374,Tree Rollins,C
3375,Lorenzo Romar,PG
3376,Jerry Rook,
3377,Sean Rooks,C
3378,Jalen Rose,SF
3379,Malik Rose,PF
3380,Rob Rose,SG
3381,Petey Rosenberg,
3382,Lennie Rosenbluth,SF
3383,Hank Rosenstein,
3384,Dick Rosenthal,SF
3385,Quinton Ross,SG
3386,Doug Roth,C
3387,Scott Roth,SF
3388,Irv Rothenberg,
3389,Mickey Rottner,
3390,Dan Roundfield,PF
3391,Giff Roux,
3392,Ron Rowan,SG
3393,Curtis Rowe,PF
3394,Jim Rowinski,PF-C
3395,Derrick Rowland,SG
3396,Brian Rowsom,PF
3397,Brandon Roy,SG
3398,Donald Royal,SF
3399,Reggie Royals,C
3400,Bob Royer,
3401,Clifford Rozier,C
3402,Guy Rucker,PF
3403,Delaney Rudd,PG
3404,John Rudd,SF
3405,John Rudometkin,SF
3406,Michael Ruffin,PF
3407,Trevor Ruffin,PG
3408,Paul Ruffner,C
3409,Joe Ruklick,PF
3410,Jeff Ruland,C
3411,Bob Rule,C
3412,Jerry Rullo,
3413,Stefano Rusconi,PF
3414,Kareem Rush,PG
3415,Bill Russell,C
3416,Bryon Russell,SF
3417,Campy Russell,SF
3418,Cazzie Russell,SF
3419,Frank Russell,SG
3420,Pierre Russell,SG
3421,Rubin Russell,SG
3422,Walker Russell,PG
3423,Walker Russell,PG
3424,Miroslav Raduljica,C
3425,Chasson Randle,PG
3426,Julius Randle,PF
3427,Anthony Randolph,PF
3428,Shavlik Randolph,PF
3429,Zach Randolph,PF
3430,J.J. Redick,PG
3431,Willie Reed,C
3432,"Glen Rice, Jr.",SG
3433,Josh Richardson,SG
3434,Malachi Richardson,SG
3435,Austin Rivers,SG
3436,Andre Roberson,SG
3437,Brian Roberts,PG
3438,Glenn Robinson III,SG-SF
3439,Nate Robinson,PG
3440,Thomas Robinson,PF
3441,Sergio Rodriguez,PG
3442,Rajon Rondo,PG
3443,Derrick Rose,PG
3444,Terrence Ross,SG
3445,Terry Rozier,PG
3446,Ricky Rubio,PG
3447,Damjan Rudez,SF
3448,Brandon Rush,SG
3449,D'Angelo Russell,PG
3450,Arvydas Sabonis,C
3451,Ed Sadowski,
3452,Kenny Sailors,
3453,John Salley,C
3454,John Salmons,PG
3455,Al Salvadori,
3456,Kevin Salvadori,C
3457,Soumaila Samake,C
3458,Cheikh Samb,C
3459,Jamal Sampson,PF
3460,Ralph Sampson,C
3461,Samardo Samuels,PF
3462,Pepe Sanchez,PG
3463,Al Sanders,PF
3464,Frankie Sanders,SF
3465,Jeff Sanders,PF
3466,Melvin Sanders,SG
3467,Mike Sanders,SF
3468,Tom Sanders,SF
3469,Ron Sanford,
3470,Daniel Santiago,C
3471,Bob Santini,
3472,Wayne Sappleton,PF
3473,Jason Sasser,SF
3474,Jeryl Sasser,SG
3475,Kenny Satterfield,PG
3476,Pep Saul,SG
3477,Woody Sauldsberry,PF
3478,Glynn Saulters,
3479,Fred Saunders,SF
3480,Don Savage,
3481,Predrag Savovic,SG
3482,Alan Sawyer,
3483,Brian Scalabrine,PF
3484,Alex Scales,SG
3485,DeWayne Scales,PF
3486,Frank Schade,PG
3487,Ben Schadler,
3488,Herm Schaefer,
3489,Billy Schaeffer,SF
3490,Bob Schafer,SG
3491,Ben Scharnus,
3492,Marv Schatzman,
3493,Fred Schaus,
3494,Danny Schayes,C
3495,Dolph Schayes,
3496,Ossie Schectman,
3497,Steve Scheffler,C
3498,Tom Scheffler,C
3499,Dave Schellhase,PG
3500,Luke Schenscher,C
3501,Herb Scherer,C
3502,Dwayne Schintzius,C
3503,Dale Schlueter,C
3504,Otto Schnellbacher,
3505,Dick Schnittker,SF
3506,Russ Schoene,PF
3507,Dave Scholz,
3508,Milt Schoon,
3509,Detlef Schrempf,SF
3510,Howie Schultz,PF
3511,Dick Schulz,
3512,Roger Schurig,PG
3513,John Schweitz,SG
3514,Fred Scolari,PG
3515,Alvin Scott,SF
3516,Brent Scott,PF
3517,Byron Scott,SG
3518,Charlie Scott,SG
3519,Dennis Scott,SG
3520,James Scott,SF
3521,Ray Scott,PF
3522,Shawnelle Scott,C
3523,Willie Scott,
3524,Paul Scranton,
3525,Carey Scurry,SF
3526,Bruce Seals,SF
3527,Shea Seals,SG
3528,Malik Sealy,SF
3529,Ed Searcy,SF
3530,Kenny Sears,PF
3531,Wayne See,
3532,Rony Seikaly,C
3533,Glen Selbo,
3534,Josh Selby,PG
3535,Brad Sellers,PF
3536,Phil Sellers,SG
3537,Rollie Seltz,
3538,Lester Selvage,PG
3539,Frank Selvy,
3540,Jim Seminoff,
3541,Mouhamed Sene,C
3542,George Senesky,PG
3543,Ansu Sesay,SF
3544,Ha Seung-Jin,C
3545,Tom Sewell,SG
3546,Paul Seymour,
3547,Nick Shaback,
3548,Lynn Shackelford,SF
3549,Charles Shackleford,C
3550,Carl Shaeffer,
3551,Lee Shaffer,SF
3552,God Shammgod,PG
3553,Earl Shannon,
3554,Howie Shannon,
3555,Chuck Share,C
3556,Bill Sharman,SG
3557,Walter Sharpe,PF
3558,John Shasky,C
3559,Ron Shavlik,
3560,Brian Shaw,SG
3561,Casey Shaw,C
3562,Bob Shea,
3563,Fred Sheffield,
3564,Craig Shelton,SF
3565,Lonnie Shelton,PF
3566,Billy Shepherd,PG
3567,Jeffrey Sheppard,SG
3568,Steve Sheppard,SF
3569,Ed Sherod,PG
3570,Charley Shipp,
3571,Paul Shirley,PF
3572,Gene Short,SF
3573,Purvis Short,PF
3574,Dexter Shouse,PG
3575,Dick Shrider,
3576,Gene Shue,PG
3577,John Shumate,PF
3578,Sam Sibert,PF
3579,Mark Sibley,SG
3580,Jerry Sichting,PG
3581,Donald Sidle,PF
3582,Larry Siegfried,SG
3583,Ralph Siewert,
3584,Jack Sikma,C
3585,James Silas,SG
3586,Paul Silas,PF
3587,Garret Siler,C
3588,Mike Silliman,SF
3589,Wayne Simien,PF
3590,Bobby Simmons,SF
3591,Cedric Simmons,PF
3592,Connie Simmons,
3593,Grant Simmons,PG
3594,Johnny Simmons,
3595,Lionel Simmons,SF
3596,Miles Simon,SG
3597,Walter Simon,SF
3598,Dickey Simpkins,PF
3599,Ralph Simpson,SG
3600,Alvin Sims,SG
3601,Bob Sims,SG
3602,Courtney Sims,C
3603,Doug Sims,
3604,Scott Sims,PG
3605,Sean Singletary,PG
3606,James Singleton,SF
3607,McKinley Singleton,PG
3608,Zeke Sinicola,
3609,Charlie Sitton,SF
3610,Scott Skiles,PG
3611,Al Skinner,SG
3612,Brian Skinner,PF
3613,Tal Skinner,SF
3614,Whitey Skoog,SG
3615,Jeff Slade,
3616,Reggie Slater,PF
3617,Jim Slaughter,C
3618,Jose Slaughter,SG
3619,Tamar Slay,SG
3620,Jerry Sloan,SG
3621,Uros Slokar,C
3622,Tom Sluby,SG
3623,Keith Smart,PG
3624,Belus Smawley,SG
3625,Jack Smiley,
3626,Adrian Smith,SG
3627,Al Smith,SF
3628,Bill Smith,
3629,Bingo Smith,SF
3630,Bobby Smith,
3631,Charles Smith,PF
3632,Charles Smith,PG
3633,Charles Smith,SG
3634,Chris Smith,SG
3635,Clinton Smith,SG
3636,Craig Smith,PF
3637,Deb Smith,
3638,Derek Smith,SF
3639,Don Smith,
3640,Don Smith,SG
3641,Donta Smith,SG
3642,Doug Smith,PF
3643,Ed Smith,SF
3644,Elmore Smith,C
3645,Garfield Smith,C
3646,Greg Smith,PF
3647,Jabari Smith,C
3648,Jerry Smith,PG
3649,Jim Smith,PF
3650,Joe Smith,PF
3651,John Smith,C
3652,Keith Smith,SG
3653,Ken Smith,SF
3654,Kenny Smith,PG
3655,LaBradford Smith,SG
3656,Larry Smith,PF
3657,Leon Smith,C
3658,Michael Smith,PF
3659,Michael Smith,PF
3660,Mike Smith,SF
3661,Otis Smith,SG
3662,Pete Smith,PF
3663,Phil Smith,SG
3664,Randy Smith,SF
3665,Reggie Smith,C
3666,Robert Smith,PG
3667,Sam Smith,SF
3668,Sam Smith,SF
3669,Steve Smith,SG
3670,Steven Smith,PF
3671,Stevin Smith,SG
3672,Theron Smith,SF
3673,Tony Smith,SG
3674,William Smith,C
3675,Willie Smith,PG
3676,Rik Smits,C
3677,Mike Smrek,C
3678,Joe Smyth,SF
3679,Eric Snow,PG
3680,Dick Snyder,SG
3681,Kirk Snyder,SG
3682,Chips Sobek,
3683,Ricky Sobers,SG
3684,Ron Sobie,SG
3685,Mike Sojourner,C
3686,Willard Sojourner,C
3687,Will Solomon,SG
3688,Willie Somerset,PG
3689,Darius Songaila,PF
3690,Dave Sorenson,PF
3691,Gino Sovran,
3692,Pape Sow,C
3693,Ken Spain,
3694,Jim Spanarkel,SG
3695,Vassilis Spanoulis,SG
3696,Daniel Sparks,PF
3697,Guy Sparrow,SF
3698,Rory Sparrow,PG
3699,Odie Spears,SF
3700,Art Spector,
3701,Andre Spencer,SF
3702,Elmore Spencer,C
3703,Felton Spencer,C
3704,Lou Spicer,
3705,Craig Spitzer,C
3706,Art Spoelstra,C
3707,Bruce Spraggins,SF
3708,Latrell Sprewell,SG
3709,Larry Spriggs,SF
3710,Jim Springer,
3711,Jim Spruill,
3712,Ryan Stack,PF
3713,Jerry Stackhouse,SG
3714,Kevin Stacom,SG
3715,Erv Staggs,SF
3716,Bud Stallworth,SF
3717,Dave Stallworth,SF
3718,Ed Stanczak,
3719,Terence Stansbury,SG
3720,John Starks,SG
3721,Keith Starr,SG
3722,Larry Staverman,PF
3723,Larry Steele,SG
3724,Matt Steigenga,SF
3725,Vladimir Stepania,C
3726,Everette Stephens,PG
3727,Jack Stephens,SG
3728,Joe Stephens,PF
3729,Brook Steppe,SG
3730,Barry Stevens,SF
3731,Wayne Stevens,
3732,DeShawn Stevenson,SG
3733,Dennis Stewart,
3734,Kebu Stewart,PF
3735,Larry Stewart,PF
3736,Michael Stewart,C
3737,Norm Stewart,
3738,Steve Stipanovich,C
3739,Bryant Stith,SG
3740,Sam Stith,SG
3741,Tom Stith,SF
3742,Alex Stivrins,SF
3743,John Stockton,PG
3744,Peja Stojakovic,SF
3745,Ed Stokes,C
3746,Greg Stokes,PF
3747,Maurice Stokes,C
3748,Art Stolkey,
3749,Randy Stoll,PF
3750,George Stone,SF
3751,Awvee Storey,SG
3752,Damon Stoudamire,PG
3753,Salim Stoudamire,SG
3754,Amar'e Stoudemire,PF
3755,Paul Stovall,SF
3756,D.J. Strawberry,SG
3757,Joe Strawder,C
3758,Bill Stricker,
3759,Erick Strickland,SG
3760,Mark Strickland,PF
3761,Rod Strickland,PG
3762,Roger Strickland,
3763,John Stroeder,PF
3764,Derek Strong,PF
3765,Lamont Strothers,SG
3766,John Stroud,SF
3767,Red Stroud,
3768,Gene Stump,
3769,Stan Stutz,
3770,Gary Suiter,
3771,Barry Sumpter,PF
3772,Don Sunderlage,SG
3773,Bruno Sundov,C
3774,Jon Sundvold,PG
3775,Bob Sura,SG
3776,Dick Surhoff,SF
3777,George Sutor,C
3778,Dane Suttle,SG
3779,Greg Sutton,PG
3780,Keith Swagerty,PF
3781,Bennie Swain,PF
3782,Norm Swanson,SF
3783,Dan Swartz,SF
3784,Mike Sweetney,PF
3785,Robert Swift,C
3786,Skeeter Swift,SG
3787,Stromile Swift,PF
3788,Aaron Swinson,SF
3789,Pape Sy,SF
3790,Buck Sydnor,
3791,Larry Sykes,PF
3792,Brett Szabo,C
3793,Wally Szczerbiak,SF
3794,Walt Szczerbiak,SF
3795,Domantas Sabonis,PF
3796,Robert Sacre,C
3797,JaKarr Sampson,SF
3798,Larry Sanders,C
3799,Dario Saric,PF
3800,Tomas Satoransky,SG
3801,Dennis Schroder,PG
3802,Luis Scola,PF
3803,Mike Scott,PF
3804,Thabo Sefolosha,SG
3805,Wayne Selden,SG
3806,Kevin Seraphin,PF
3807,Ramon Sessions,PG
3808,Mustafa Shakur,PG
3809,Tornike Shengelia,SF
3810,Iman Shumpert,PG
3811,Alexey Shved,SG
3812,Pascal Siakam,PF
3813,Xavier Silas,SG
3814,Jonathon Simmons,SG
3815,Henry Sims,C
3816,Kyle Singler,SF
3817,Chris Singleton,SF
3818,Peyton Siva,SG
3819,Donald Sloan,PG
3820,Marcus Smart,PG
3821,Chris Smith,PG
3822,Greg Smith,C
3823,Ish Smith,PG
3824,J.R. Smith,SG
3825,Jason Smith,PF
3826,Josh Smith,SF
3827,Nolan Smith,PG
3828,Russ Smith,PG
3829,Tony Snell,SG
3830,James Southerland,SF
3831,Marreese Speights,C
3832,Tiago Splitter,C
3833,Nik Stauskas,SG
3834,D.J. Stephens,SG
3835,Lance Stephenson,SG
3836,Alex Stepheson,PF
3837,Greg Stiemsma,C
3838,David Stockton,PG
3839,Jarnell Stokes,PF
3840,Diamond Stone,C
3841,Julyan Stone,SG
3842,Rodney Stuckey,PG
3843,Jared Sullinger,PF
3844,DaJuan Summers,SF
3845,Zan Tabak,C
3846,Yuta Tabuse,PG
3847,Chris Taft,C
3848,Sid Tanenbaum,
3849,Dragan Tarlac,C
3850,Roy Tarpley,PF
3851,Levern Tart,SG
3852,Earl Tatum,SG
3853,Anthony Taylor,PG
3854,Brian Taylor,PG
3855,Donell Taylor,SG
3856,Fatty Taylor,PG
3857,Fred Taylor,SG
3858,Jay Taylor,SG
3859,Jeff Taylor,SG
3860,Johnny Taylor,SF
3861,Leonard Taylor,PF
3862,Maurice Taylor,PF
3863,Mike Taylor,PG
3864,Oliver Taylor,SG
3865,Ronald Taylor,C
3866,Vince Taylor,SG
3867,Terry Teagle,SG
3868,Collis Temple,SF
3869,Ira Terrell,SF
3870,Carlos Terry,SG
3871,Chuck Terry,SF
3872,Claude Terry,SG
3873,Hasheem Thabeet,C
3874,Tom Thacker,PG
3875,Floyd Theard,PG
3876,Reggie Theus,PG
3877,Peter Thibeaux,SF
3878,Bill Thieben,PF
3879,Justus Thigpen,SG
3880,David Thirdkill,SF
3881,Billy Thomas,SF
3882,Carl Thomas,SG
3883,Charles Thomas,SG
3884,Etan Thomas,C
3885,Irving Thomas,PF
3886,Isiah Thomas,PG
3887,Jamel Thomas,SF
3888,James Thomas,PF
3889,Jim Thomas,SG
3890,Joe Thomas,SF
3891,John Thomas,PF
3892,Kenny Thomas,PF
3893,Kurt Thomas,PF
3894,Ronald Thomas,PF
3895,Terry Thomas,PF
3896,Tim Thomas,SF
3897,Willis Thomas,SG
3898,Trey Thompkins,C
3899,Bernard Thompson,SF
3900,Billy Thompson,SF
3901,Brooks Thompson,PG
3902,Corny Thompson,PF
3903,David Thompson,SF
3904,Dijon Thompson,SG
3905,George Thompson,SG
3906,Jack Thompson,
3907,John Thompson,PF
3908,Kevin Thompson,C
3909,LaSalle Thompson,C
3910,Mychal Thompson,C
3911,Mychel Thompson,SG
3912,Paul Thompson,SF
3913,Stephen Thompson,SG
3914,Skip Thoren,C
3915,Rod Thorn,SG
3916,Al Thornton,PF
3917,Bob Thornton,PF
3918,Dallas Thornton,SF
3919,Otis Thorpe,PF
3920,Sedale Threatt,PG
3921,Nate Thurmond,PF
3922,Mel Thurston,
3923,Hal Tidrick,
3924,Dan Tieman,PG
3925,Darren Tillis,C
3926,Jack Tingle,
3927,George Tinsley,SF
3928,Jamaal Tinsley,PG
3929,Wayman Tisdale,PF
3930,Mike Todorovich,
3931,Ray Tolbert,PF
3932,Tom Tolbert,SF
3933,Dean Tolson,PF
3934,Rudy Tomjanovich,PF
3935,Andrew Toney,SG
3936,Sedric Toney,PG
3937,Andy Tonkovich,
3938,Andy Toolson,SF
3939,Jack Toomay,
3940,Bernard Toone,PF
3941,Irv Torgoff,
3942,Gene Tormohlen,C
3943,Oscar Torres,SG
3944,Bill Tosheff,PG
3945,Bob Tough,
3946,Monte Towe,PG
3947,Keith Tower,C
3948,Blackie Towery,
3949,Linton Townes,SF
3950,Raymond Townsend,SG
3951,George Trapp,PF
3952,John Trapp,SF
3953,Robert Traylor,C
3954,Gary Trent,PF
3955,Jeff Trepagnier,SG
3956,John Tresvant,PF
3957,Dick Triptow,
3958,Kelly Tripucka,SF
3959,Ansley Truitt,PF
3960,Cezary Trybanski,C
3961,Jake Tsakalidis,C
3962,John Tschogl,SF
3963,Lou Tsioropoulos,SF
3964,Al Tucker,PF
3965,Alando Tucker,SF
3966,Anthony Tucker,SF
3967,Jim Tucker,PF
3968,Trent Tucker,SG
3969,Ronny Turiaf,C
3970,Mirsad Turkcan,PF
3971,Hedo Turkoglu,SF
3972,Andre Turner,PG
3973,Bill Turner,SF
3974,Elston Turner,SF
3975,Gary Turner,
3976,Henry Turner,PF
3977,Herschell Turner,PG
3978,Jack Turner,SF
3979,Jack Turner,SG
3980,Jeff Turner,PF
3981,John Turner,SF
3982,Wayne Turner,PG
3983,Melvin Turpin,C
3984,Dave Twardzik,PG
3985,Jack Twyman,SF
3986,B.J. Tyler,PG
3987,Terry Tyler,PF
3988,Charlie Tyra,C
3989,Edy Tavares,C
3990,Isaiah Taylor,PG
3991,Jeff Taylor,SF
3992,Jermaine Taylor,SG
3993,Tyshawn Taylor,PG
3994,Jeff Teague,PG
3995,Marquis Teague,PG
3996,Mirza Teletovic,PF
3997,Sebastian Telfair,PG
3998,Garrett Temple,SG
3999,Jason Terry,PG
4000,Adonis Thomas,SF
4001,Isaiah Thomas,PG
4002,Lance Thomas,PF
4003,Malcolm Thomas,PF
4004,Tyrus Thomas,PF
4005,Hollis Thompson,SF
4006,Jason Thompson,PF
4007,Klay Thompson,SG
4008,Tristan Thompson,PF
4009,Marcus Thornton,SG
4010,Mike Tobey,C
4011,Anthony Tolliver,PF
4012,Axel Toupane,SF
4013,Karl-Anthony Towns,C
4014,Nikoloz Tskitishvili,SF
4015,P.J. Tucker,SF
4016,Evan Turner,SG
4017,Myles Turner,C
4018,Jeremy Tyler,C
4019,Edwin Ubiles,SF
4020,Ime Udoka,SF
4021,Roko Ukic,PG
4022,Wes Unseld,C
4023,Hal Uplinger,SG
4024,Kelvin Upshaw,SG
4025,Ben Uzoh,PG
4026,Ekpe Udoh,C
4027,Beno Udrih,PG
4028,Tyler Ulis,PG
4029,Jarrod Uthoff,PF
4030,Stephen Vacendak,PG
4031,Darnell Valentine,PG
4032,Ronnie Valentine,SF
4033,John Vallely,SG
4034,Dick Van Arsdale,SG
4035,Tom Van Arsdale,SG
4036,Butch Van Breda Kolff,
4037,Jan Van Breda Kolff,SF
4038,Nick Van Exel,PG
4039,Keith Van Horn,PF
4040,Norm Van Lier,PG
4041,Dennis Van Zant,PF
4042,Gene Vance,
4043,Logan Vander Velden,SF
4044,Ernie Vandeweghe,
4045,Kiki Vandeweghe,SF
4046,Nick Vanos,C
4047,David Vanterpool,PG
4048,Ratko Varda,C
4049,Chico Vaughn,SG
4050,David Vaughn,C
4051,David Vaughn,PF
4052,Jacque Vaughn,PG
4053,Virgil Vaughn,
4054,Loy Vaught,PF
4055,Bob Verga,SG
4056,Pete Verhoeven,PF
4057,Gundars Vetra,SF
4058,Joao Vianna,SF
4059,Jay Vincent,PF
4060,Sam Vincent,SG
4061,Marcus Vinicius,SF
4062,Fred Vinson,SG
4063,Claude Virden,SF
4064,Gary Voce,PF
4065,Floyd Volker,
4066,Alexander Volkov,C
4067,Whitey Von Nieda,
4068,Jake Voskuhl,C
4069,Danny Vranes,SF
4070,Slavko Vranes,C
4071,Stojko Vrankovic,C
4072,Brett Vroman,C
4073,Jackson Vroman,C-PF
4074,Jonas Valanciunas,C
4075,Denzel Valentine,SG
4076,Fred VanVleet,PG
4077,Anderson Varejao,PF
4078,Jarvis Varnado,PF
4079,Greivis Vasquez,SG
4080,Rashad Vaughn,SG
4081,Jan Vesely,PF
4082,Charlie Villanueva,PF
4083,Noah Vonleh,PF
4084,Nikola Vucevic,C
4085,Sasha Vujacic,SG
4086,Mark Wade,PG
4087,Von Wafer,SG
4088,Clint Wager,
4089,Dajuan Wagner,SG
4090,Danny Wagner,
4091,Milt Wagner,SG
4092,Phillip Wagner,
4093,Granville Waiters,C
4094,Andre Wakefield,SG
4095,Neal Walk,C
4096,Andy Walker,SF
4097,Antoine Walker,PF
4098,Brady Walker,PF
4099,Chet Walker,SF
4100,Darrell Walker,PG
4101,Foots Walker,PG
4102,Horace Walker,SF
4103,Jimmy Walker,SG
4104,Kenny Walker,SF
4105,Phil Walker,SG
4106,Samaki Walker,PF
4107,Wally Walker,SF
4108,Ben Wallace,PF
4109,Gerald Wallace,SF
4110,John Wallace,SF
4111,Rasheed Wallace,PF
4112,Red Wallace,
4113,Dwight Waller,
4114,Jamie Waller,SG
4115,Jim Walsh,
4116,Matt Walsh,SG
4117,Rex Walters,SG
4118,Paul Walther,SG
4119,Isaac Walthour,
4120,Bill Walton,C
4121,Lloyd Walton,PG
4122,Luke Walton,PF
4123,Bobby Wanzer,
4124,Perry Warbington,PG
4125,Charlie Ward,PG
4126,Gerry Ward,SG
4127,Henry Ward,SG
4128,Jim Ware,PF
4129,Ben Warley,PF
4130,Bob Warlick,SG
4131,Cornell Warner,C
4132,Bob Warren,SG
4133,John Warren,SG
4134,Willie Warren,PG
4135,Bryan Warrick,PG
4136,Hakim Warrick,PF
4137,Chris Washburn,C
4138,Bobby Washington,PG
4139,Darius Washington,SG
4140,Donald Washington,SF
4141,Duane Washington,SG
4142,Eric Washington,SG
4143,Jim Washington,PF
4144,Kermit Washington,PF
4145,Pearl Washington,PG
4146,Richard Washington,PF
4147,Stan Washington,SG
4148,Trooper Washington,PF
4149,Wilson Washington,PF
4150,Darryl Watkins,C
4151,Bobby Watson,
4152,Earl Watson,PG
4153,Jamie Watson,SF
4154,Ron Watts,
4155,Samuel Watts,SG
4156,Slick Watts,PG
4157,Clarence Weatherspoon,SF
4158,Nick Weatherspoon,SF
4159,Kyle Weaver,SG
4160,Jeff Webb,SG
4161,Marcus Webb,PF
4162,Spud Webb,PG
4163,Chris Webber,C
4164,Jake Weber,
4165,Elnardo Webster,SF
4166,Jeff Webster,SF
4167,Marvin Webster,C
4168,Scott Wedman,SF
4169,Dick Wehr,
4170,Brant Weidner,PF
4171,Bob Weiss,
4172,Rick Weitzman,SG
4173,Bonzi Wells,SF
4174,Bubba Wells,SG
4175,Owen Wells,SF
4176,Ralph Wells,
4177,Chris Welp,C
4178,Jiri Welsch,SF
4179,Bill Wennington,C
4180,Matt Wenstrom,C
4181,Robert Werdann,C
4182,There is no Internet connection,
4183,David Wesley,PG
4184,Walt Wesley,C
4185,Delonte West,SG
4186,Doug West,SG
4187,Jerry West,PG
4188,Mario West,SG
4189,Mark West,C
4190,Roland West,
4191,Dexter Westbrook,
4192,Paul Westphal,SG
4193,John Wetzel,SF
4194,Robert Whaley,C
4195,Ennis Whatley,PG
4196,DeJuan Wheat,PG
4197,Clinton Wheeler,PG
4198,Tyson Wheeler,PG
4199,Skippy Whitaker,PG
4200,Eric White,SF
4201,Herb White,PG
4202,Hubie White,SG
4203,Jahidi White,PF
4204,James White,SG
4205,Jo Jo White,PG
4206,Randy White,PF
4207,Rodney White,SF
4208,Rory White,SF
4209,Rudy White,SG
4210,Tony White,PG
4211,Willie White,SG
4212,Jerome Whitehead,C
4213,Donald Whiteside,PG
4214,Dwayne Whitfield,PF
4215,Chris Whitney,PG
4216,Hank Whitney,PF
4217,Hawkeye Whitney,SG
4218,Sidney Wicks,PF
4219,Ron Widby,
4220,Murray Wier,
4221,Bob Wiesenhahn,SF
4222,Mitchell Wiggins,SG
4223,Ken Wilburn,SF
4224,Chris Wilcox,PF
4225,D.C. Wilcutt,
4226,Gene Wiley,C
4227,Michael Wiley,PF
4228,Morlon Wiley,PG
4229,Win Wilfong,PG
4230,Lenny Wilkens,PG
4231,Bob Wilkerson,SF
4232,Jamaal Wilkes,SF
4233,James Wilkes,SF
4234,Dominique Wilkins,SF
4235,Eddie Lee Wilkins,C
4236,Gerald Wilkins,SG
4237,Jeff Wilkins,C
4238,Dale Wilkinson,SF-PF
4239,Mike Wilks,PG-SG
4240,Aaron Williams,PF
4241,Al Williams,
4242,Alvin Williams,SG
4243,Art Williams,PG
4244,Bernie Williams,SG
4245,Bob Williams,
4246,Brandon Williams,SG
4247,Buck Williams,PF
4248,Charles Williams,PG
4249,Chuck Williams,PG
4250,Chuckie Williams,SG
4251,Cliff Williams,
4252,Corey Williams,PG
4253,Duck Williams,PG
4254,Earl Williams,C
4255,Eric Williams,SF
4256,Fly Williams,SG
4257,Frank Williams,PG
4258,Freeman Williams,SG
4259,Gene Williams,
4260,Gus Williams,PG
4261,Guy Williams,SF
4262,Hank Williams,SF
4263,Herb Williams,C
4264,Hot Rod Williams,PF
4265,Jason Williams,PG
4266,Jawad Williams,SF
4267,Jay Williams,PG
4268,Jayson Williams,PF
4269,Jerome Williams,PF
4270,John Williams,SF
4271,Jordan Williams,C
4272,Justin Williams,C
4273,Kenny Williams,PF
4274,Kevin Williams,SG
4275,Lorenzo Williams,PF-C
4276,Marcus Williams,PG
4277,Micheal Williams,PG
4278,Mike Williams,PF-SF
4279,Milt Williams,PG
4280,Mo Williams,SG
4281,Monty Williams,SF
4282,Nate Williams,SG
4283,Pete Williams,PF
4284,Ray Williams,PG
4285,Reggie Williams,SF
4286,Rickey Williams,SG
4287,Rob Williams,PG
4288,Ron Williams,PG
4289,Sam Williams,SG
4290,Sam Williams,PF
4291,Scott Williams,PF
4292,Sean Williams,C
4293,Shammond Williams,PG
4294,Shelden Williams,PF
4295,Sly Williams,SF
4296,Terrence Williams,SF
4297,Travis Williams,SF
4298,Walt Williams,SF
4299,Ward Williams,
4300,Willie Williams,
4301,Corliss Williamson,SF
4302,John Williamson,SG
4303,Vann Williford,SF
4304,Kevin Willis,PF
4305,Bill Willoughby,SF
4306,Dedric Willoughby,PG
4307,Bob Wilson,PG
4308,Bobby Wilson,PF
4309,Bobby Wilson,SG
4310,Bubba Wilson,SG
4311,George Wilson,C
4312,Isaiah Wilson,SG
4313,Jasper Wilson,SF
4314,Jim Wilson,
4315,Michael Wilson,PG
4316,Nikita Wilson,SF
4317,Othell Wilson,PG
4318,Rick Wilson,SG
4319,Ricky Wilson,PG
4320,Stephen Wilson,SG
4321,Trevor Wilson,PF
4322,Kennard Winchester,SF
4323,Tony Windis,PG
4324,John Windsor,PF
4325,Lee Winfield,PG
4326,David Wingate,SG
4327,Dontonio Wingfield,SF
4328,Harthorne Wingo,PF
4329,Marv Winkler,
4330,Rickie Winslow,SF
4331,Trevor Winter,C
4332,Brian Winters,SG
4333,Voise Winters,SF
4334,Skip Wise,PG
4335,Willie Wise,PF
4336,Luke Witte,C
4337,Greg Wittman,PF
4338,Randy Wittman,SG
4339,Garry Witts,SF
4340,Dave Wohl,PG
4341,Joe Wolf,C
4342,Ruben Wolkowyski,PF
4343,Al Wood,SG
4344,Bob Wood,
4345,David Wood,PF
4346,Howard Wood,SF
4347,Leon Wood,PG
4348,Loren Woods,C
4349,Qyntel Woods,PF
4350,Randy Woods,PG
4351,Tommy Woods,PF
4352,Mike Woodson,SG
4353,Bob Woollard,C
4354,Orlando Woolridge,SF
4355,Haywoode Workman,PG
4356,Mark Workman,PF
4357,Tom Workman,
4358,Willie Worsley,PG
4359,Sam Worthen,PG
4360,James Worthy,SF
4361,Antoine Wright,SG
4362,Bracey Wright,SG
4363,Brad Wright,PF
4364,Chris Wright,SG
4365,Howard Wright,PF
4366,Howie Wright,SG
4367,Joby Wright,PF
4368,Julian Wright,SF
4369,Larry Wright,PG
4370,Leroy Wright,PF
4371,Lonnie Wright,SG
4372,Lorenzen Wright,C
4373,Luther Wright,C
4374,Sharone Wright,C
4375,Dennis Wuycik,SF
4376,A.J. Wynder,PG
4377,Dwyane Wade,PG
4378,Dion Waiters,SG
4379,Henry Walker,SF
4380,Kemba Walker,PG
4381,John Wall,PG
4382,Taurean Prince,SF
4383,Casper Ware,PG
4384,T.J. Warren,SF
4385,C.J. Watson,PG
4386,Maalik Wayns,PG
4387,David Wear,PF
4388,Travis Wear,SF
4389,Briante Weber,PG
4390,Martell Webster,SF
4391,Sonny Weems,SG
4392,David West,PF
4393,Russell Westbrook,PG
4394,D.J. White,PF
4395,Okaro White,PF
4396,Royce White,PF
4397,Isaiah Whitehead,PG
4398,Hassan Whiteside,C
4399,Shayne Whittington,PF
4400,Andrew Wiggins,SF
4401,C.J. Wilcox,SG
4402,Damien Wilkins,SF
4403,Alan Williams,PF
4404,Deron Williams,PG
4405,Derrick Williams,PF
4406,Elliot Williams,SG
4407,Lou Williams,PG
4408,Marcus Williams,PF-SF
4409,Marvin Williams,PF
4410,Reggie Williams,SF
4411,Shawne Williams,SG
4412,Troy Williams,SF
4413,Kyle Wiltjer,PF
4414,Justise Winslow,SF
4415,Jeff Withey,C
4416,Nate Wolters,PG
4417,Christian Wood,PF
4418,Metta World Peace,SF
4419,Brandan Wright,PF
4420,Chris Wright,SF
4421,Delon Wright,PG
4422,Dorell Wright,SF
4423,Tony Wroten,SG
4424,Vincent Yarbrough,SG
4425,George Yardley,SF
4426,Barry Yates,PF
4427,Wayne Yates,C
4428,Charlie Yelverton,SG
4429,Rich Yonakor,PF
4430,Danny Young,PG
4431,Korleone Young,SF
4432,Michael Young,SF
4433,Perry Young,SG
4434,Tim Young,C
4435,Sun Yue,SG
4436,James Young,SG
4437,Joe Young,PG
4438,Nick Young,SG
4439,Sam Young,SF
4440,Thaddeus Young,PF
4441,Max Zaslofsky,SG
4442,Zeke Zawoluk,PF
4443,Dave Zeller,PG
4444,Gary Zeller,SG
4445,Harry Zeller,
4446,Luke Zeller,C
4447,Tony Zeno,SF
4448,Phil Zevenbergen,C
4449,Wang Zhizhi,C
4450,George Zidek,C
4451,Derrick Zimmerman,PG
4452,Jim Zoet,C
4453,Bill Zopf,PG
4454,Matt Zunic,
4455,Cody Zeller,C
4456,Tyler Zeller,C
4457,Stephen Zimmerman,C
4458,Paul Zipser,SF
4459,Ivica Zubac,C
